--
-- PostgreSQL database dump
--

-- Dumped from database version 15.13 (Debian 15.13-1.pgdg120+1)
-- Dumped by pg_dump version 15.2

-- Started on 2026-03-12 18:20:49

SET statement_timeout = 0;
SET lock_timeout = 0;
SET idle_in_transaction_session_timeout = 0;
SET client_encoding = 'UTF8';
SET standard_conforming_strings = on;
SELECT pg_catalog.set_config('search_path', '', false);
SET check_function_bodies = false;
SET xmloption = content;
SET client_min_messages = warning;
SET row_security = off;

--
-- TOC entry 4 (class 2615 OID 2200)
-- Name: public; Type: SCHEMA; Schema: -; Owner: pg_database_owner
--

CREATE SCHEMA IF NOT EXISTS public;


ALTER SCHEMA public OWNER TO pg_database_owner;

--
-- TOC entry 3506 (class 0 OID 0)
-- Dependencies: 4
-- Name: SCHEMA public; Type: COMMENT; Schema: -; Owner: pg_database_owner
--

COMMENT ON SCHEMA public IS 'standard public schema';


SET default_tablespace = '';

SET default_table_access_method = heap;

--
-- TOC entry 226 (class 1259 OID 25265)
-- Name: attachments; Type: TABLE; Schema: public; Owner: auth_admin
--

CREATE TABLE public.attachments (
    id uuid DEFAULT gen_random_uuid() NOT NULL,
    bitacora_entry_id uuid NOT NULL,
    name character varying(255) NOT NULL,
    url text NOT NULL,
    size bigint,
    mime_type character varying(100),
    uploaded_at timestamp with time zone DEFAULT now() NOT NULL
);


ALTER TABLE public.attachments OWNER TO auth_admin;

--
-- TOC entry 225 (class 1259 OID 25245)
-- Name: bitacora_entries; Type: TABLE; Schema: public; Owner: auth_admin
--

CREATE TABLE public.bitacora_entries (
    id uuid DEFAULT gen_random_uuid() NOT NULL,
    case_id uuid NOT NULL,
    date date NOT NULL,
    event_type_id smallint NOT NULL,
    description text,
    visible_to_client boolean DEFAULT false NOT NULL,
    created_by bigint NOT NULL,
    created_at timestamp with time zone DEFAULT now() NOT NULL
);


ALTER TABLE public.bitacora_entries OWNER TO auth_admin;

--
-- TOC entry 218 (class 1259 OID 25155)
-- Name: bitacora_event_types; Type: TABLE; Schema: public; Owner: auth_admin
--

CREATE TABLE public.bitacora_event_types (
    id smallint NOT NULL,
    code character varying(20) NOT NULL,
    name character varying(50) NOT NULL
);


ALTER TABLE public.bitacora_event_types OWNER TO auth_admin;

--
-- TOC entry 215 (class 1259 OID 25134)
-- Name: case_materias; Type: TABLE; Schema: public; Owner: auth_admin
--

CREATE TABLE public.case_materias (
    id smallint NOT NULL,
    code character varying(30) NOT NULL,
    name character varying(50) NOT NULL
);


ALTER TABLE public.case_materias OWNER TO auth_admin;

--
-- TOC entry 217 (class 1259 OID 25148)
-- Name: case_part_roles; Type: TABLE; Schema: public; Owner: auth_admin
--

CREATE TABLE public.case_part_roles (
    id smallint NOT NULL,
    code character varying(20) NOT NULL,
    name character varying(50) NOT NULL
);


ALTER TABLE public.case_part_roles OWNER TO auth_admin;

--
-- TOC entry 224 (class 1259 OID 25222)
-- Name: case_parts; Type: TABLE; Schema: public; Owner: auth_admin
--

CREATE TABLE public.case_parts (
    id uuid DEFAULT gen_random_uuid() NOT NULL,
    case_id uuid NOT NULL,
    role_id smallint NOT NULL,
    client_type_id smallint NOT NULL,
    nombre character varying(150),
    rut character varying(20),
    telefono character varying(30),
    email character varying(150),
    razon_social character varying(200),
    representante_legal character varying(150)
);


ALTER TABLE public.case_parts OWNER TO auth_admin;

--
-- TOC entry 216 (class 1259 OID 25141)
-- Name: case_statuses; Type: TABLE; Schema: public; Owner: auth_admin
--

CREATE TABLE public.case_statuses (
    id smallint NOT NULL,
    code character varying(30) NOT NULL,
    name character varying(50) NOT NULL
);


ALTER TABLE public.case_statuses OWNER TO auth_admin;

--
-- TOC entry 223 (class 1259 OID 25197)
-- Name: cases; Type: TABLE; Schema: public; Owner: auth_admin
--

CREATE TABLE public.cases (
    id uuid DEFAULT gen_random_uuid() NOT NULL,
    tenant_id integer NOT NULL,
    expediente character varying(100),
    caratulado character varying(300),
    materia_id smallint NOT NULL,
    juzgado character varying(200),
    status_id smallint NOT NULL,
    assigned_lawyer_id bigint,
    client_id uuid NOT NULL,
    start_date date,
    closed_date date,
    created_at timestamp with time zone DEFAULT now() NOT NULL,
    updated_at timestamp with time zone DEFAULT now() NOT NULL
);


ALTER TABLE public.cases OWNER TO auth_admin;

--
-- TOC entry 214 (class 1259 OID 25127)
-- Name: client_types; Type: TABLE; Schema: public; Owner: auth_admin
--

CREATE TABLE public.client_types (
    id smallint NOT NULL,
    code character varying(20) NOT NULL,
    name character varying(50) NOT NULL
);


ALTER TABLE public.client_types OWNER TO auth_admin;

--
-- TOC entry 222 (class 1259 OID 25183)
-- Name: clients; Type: TABLE; Schema: public; Owner: auth_admin
--

CREATE TABLE public.clients (
    id uuid DEFAULT gen_random_uuid() NOT NULL,
    tenant_id integer NOT NULL,
    client_type_id smallint NOT NULL,
    nombre character varying(150) NOT NULL,
    rut character varying(20),
    razon_social character varying(200),
    rut_empresa character varying(20),
    representante_legal character varying(150),
    contacto_nombre character varying(100),
    contacto_telefono character varying(30),
    contacto_email character varying(150),
    user_id bigint,
    created_at timestamp with time zone DEFAULT now() NOT NULL
);


ALTER TABLE public.clients OWNER TO auth_admin;

--
-- TOC entry 220 (class 1259 OID 25169)
-- Name: fee_conceptos; Type: TABLE; Schema: public; Owner: auth_admin
--

CREATE TABLE public.fee_conceptos (
    id smallint NOT NULL,
    code character varying(20) NOT NULL,
    name character varying(50) NOT NULL
);


ALTER TABLE public.fee_conceptos OWNER TO auth_admin;

--
-- TOC entry 228 (class 1259 OID 25299)
-- Name: fees; Type: TABLE; Schema: public; Owner: auth_admin
--

CREATE TABLE public.fees (
    id uuid DEFAULT gen_random_uuid() NOT NULL,
    case_id uuid NOT NULL,
    concepto_id smallint NOT NULL,
    total_amount numeric(14,2) NOT NULL,
    currency character(3) DEFAULT 'CLP'::bpchar NOT NULL,
    created_at timestamp with time zone DEFAULT now() NOT NULL
);


ALTER TABLE public.fees OWNER TO auth_admin;

--
-- TOC entry 219 (class 1259 OID 25162)
-- Name: hearing_statuses; Type: TABLE; Schema: public; Owner: auth_admin
--

CREATE TABLE public.hearing_statuses (
    id smallint NOT NULL,
    code character varying(20) NOT NULL,
    name character varying(50) NOT NULL
);


ALTER TABLE public.hearing_statuses OWNER TO auth_admin;

--
-- TOC entry 227 (class 1259 OID 25279)
-- Name: hearings; Type: TABLE; Schema: public; Owner: auth_admin
--

CREATE TABLE public.hearings (
    id uuid DEFAULT gen_random_uuid() NOT NULL,
    case_id uuid NOT NULL,
    tenant_id integer NOT NULL,
    title character varying(200) NOT NULL,
    date date NOT NULL,
    "time" time without time zone,
    juzgado character varying(200),
    status_id smallint NOT NULL,
    notes text,
    alert_days_before smallint DEFAULT 3,
    created_at timestamp with time zone DEFAULT now() NOT NULL
);


ALTER TABLE public.hearings OWNER TO auth_admin;

--
-- TOC entry 221 (class 1259 OID 25176)
-- Name: payment_methods; Type: TABLE; Schema: public; Owner: auth_admin
--

CREATE TABLE public.payment_methods (
    id smallint NOT NULL,
    code character varying(20) NOT NULL,
    name character varying(50) NOT NULL
);


ALTER TABLE public.payment_methods OWNER TO auth_admin;

--
-- TOC entry 229 (class 1259 OID 25319)
-- Name: payments; Type: TABLE; Schema: public; Owner: auth_admin
--

CREATE TABLE public.payments (
    id uuid DEFAULT gen_random_uuid() NOT NULL,
    fee_id uuid NOT NULL,
    amount numeric(14,2) NOT NULL,
    date date NOT NULL,
    method_id smallint NOT NULL,
    note text,
    receipt_url text,
    created_at timestamp with time zone DEFAULT now() NOT NULL
);


ALTER TABLE public.payments OWNER TO auth_admin;

--
-- TOC entry 3497 (class 0 OID 25265)
-- Dependencies: 226
-- Data for Name: attachments; Type: TABLE DATA; Schema: public; Owner: auth_admin
--

COPY public.attachments (id, bitacora_entry_id, name, url, size, mime_type, uploaded_at) FROM stdin;
124e65bc-0d92-4d2e-9337-fc95e66c6e2c	58793387-29d9-47d5-b004-b0c8a8c41eec	DOCUMENTO GABRIEL.pdf	data:application/pdf;base64,JVBERi0xLjcNCiW1tbW1DQoxIDAgb2JqDQo8PC9UeXBlL0NhdGFsb2cvUGFnZXMgMiAwIFIvTGFuZyhlcykgL1N0cnVjdFRyZWVSb290IDE3IDAgUi9NYXJrSW5mbzw8L01hcmtlZCB0cnVlPj4vTWV0YWRhdGEgOTMgMCBSL1ZpZXdlclByZWZlcmVuY2VzIDk0IDAgUj4+DQplbmRvYmoNCjIgMCBvYmoNCjw8L1R5cGUvUGFnZXMvQ291bnQgMi9LaWRzWyAzIDAgUiAxNCAwIFJdID4+DQplbmRvYmoNCjMgMCBvYmoNCjw8L1R5cGUvUGFnZS9QYXJlbnQgMiAwIFIvUmVzb3VyY2VzPDwvRm9udDw8L0YxIDUgMCBSL0YyIDEyIDAgUj4+L0V4dEdTdGF0ZTw8L0dTMTAgMTAgMCBSL0dTMTEgMTEgMCBSPj4vUHJvY1NldFsvUERGL1RleHQvSW1hZ2VCL0ltYWdlQy9JbWFnZUldID4+L01lZGlhQm94WyAwIDAgNjEyIDc5Ml0gL0NvbnRlbnRzIDQgMCBSL0dyb3VwPDwvVHlwZS9Hcm91cC9TL1RyYW5zcGFyZW5jeS9DUy9EZXZpY2VSR0I+Pi9UYWJzL1MvU3RydWN0UGFyZW50cyAwPj4NCmVuZG9iag0KNCAwIG9iag0KPDwvRmlsdGVyL0ZsYXRlRGVjb2RlL0xlbmd0aCAyODQzPj4NCnN0cmVhbQ0KeJy1WzmP48gVzhvo/8Bw14A4dZMEBAKSurWw4Q2MGcOB4WCD9UQe+Pj/gOtddYhkiy2RE4xaFKv46p3fO9h8+frv3340x+OXXy9/fGvUlz//9uN789PvPw5//frzODbnt0vzn9cX1Sr4N2jTqCbE/7vBNP/9/fXlb39ofry+nL+9vny56ib+8O2fry863qQa3fS+1co1nRraofn2r3jPL1+1ar7/L27YfKevmr/+8vry96NSQSt1eVPa96P28ft7P8YPra2yb8N4iH9br0cXP9wVP+I3uurHfzTf/vT68h5p+cvrS/P+66Vp6tPpZ05nbk+nnW97U5wOz0Qn+an5+S41Zg9eh961g7slJzJysGM3RE7aE3ISeHt6B8aOlq5qq+EqsjnEX92gdPD4PRSC6T3+HC8rpS8oHFxsaBXJS10divDQw89G2Xd1Xzp2U+kY3bVKL/BjjXjcpuSIePzQ9uERcvwu2mLdVHdJ9iCyg2V90B5kq09gcWKeaJ0hfbWBfuL74Vd/jvoV73gHPQvjMLmBdIq0JG4RNweN07rP+nR1o+7i9f4qC3ug5AJahwt4HfgLR4qHDwHqfUV9pBU1Nd7ZsVYmSoDM4grc3p/jX5aPC9R0Ql0YteHrSgxgtPHSHMsuycTgEeaMJzJh9mb2dYGItPWpgDx8ftwDjLBaylyAvYFMf8GtC+bT8kiuq54Yma/1Mdl5vAonPp1HFA+c0JzpDqIc77qrqmEXVY32PPQzutp3dNgoW+AgnB8ViPzcocPgYClWePkoA0kpiICijxLqSBDAUdoduc9M5ntBoSNTUSIgGVCD+Q3PeIFVCTc6uGNpFB9pUviEIgWWKjlenbSkAyXprmK4uAcpc9KMag85z8GVFxUrA5tRSM9IjwR1UcekpGA0mS7W7yJc6LNOFhx34sDCT6Ot4zZ8zeH942EgcYhhWtr5lqGREqBolcJ2uyis0q2auPrCOr1PvHB0OWTe6lDasSVJeWaF9cJHdZYrdsoxCyxDv+cz56PuMaCSIN3fKpxF3+DU2BMv4xbk/lhS4FbELsy5XKOieFD+2Vz4iKxqp+SAaEEB93zt/W3l/OO2ulr4uQiAayonb0PIPEeP60Ui4nld4RiZvyfiQ+a6L6WTbeiuxvV7aJyPWEeZGRcJTgrPeEkxNp7vLpHDpkRqbVq9TCPZLIVXVYddxJo9O1lwyjGmFSGRnRzELVx+MEmyCW9IOCMpj6y5FCB7RjUpFBaqSvpyXZFaPJU5TdFrGFrnF7i1Bi7qbXMd0bAIX5V9iJ5dsh0f8avqZrQp+pXkBrUv3KD+hB/UYeIHU9yb84H61gdSTORQ6o+lHyxJW3aCT0NgXWFgPC0+6VJu9R5oEZwn6XwC6XhwPHSV3HkkFNdFc+T7u+xli2MXBODZbAWjtB9uoAWACMMWGnfAvwG7FGDFr/Sz+qmkclHtIhbVfi60+1rJFMUXQPNuAsyKgEHuh3xzTq/jesi5OE7CeSEo2ndy4oQTDgVXDznzxrvhkaYn6AlpQDglEX7g7UBtDFEAkqihdbmwlL1Lgkd8ljx2xIBwOz4eMBtQF691ujK1KkJJngVM6+YDg33XK0S/bQLv9NBqvSD6VR7wqQx+ySO7IUbVh8pPets0TRvV+gVyQNhrjPUpHD6tz5nQ6qc4tC1Ki96hHRY5hNYOZtK9JfDjKp/LthZt2hDG4ZSA/aQU8ATzuClgdZjckovSa1wUPi5IiidpF/oEqiUQDNMVHLvP16eA5UTOtjftsMTYVYXYbbGbWGboWvMQVjJPYbcly5wlZ6VlmqfQ26JlPs6hbcM6W+YCh9De7Ep7S7bGhaQuAzPCNo5tOYfu2wo7Zz1FWeghKzPbxj9rTGuW1GiVzPaJf848GI/NLvFvlpy1VrZP/HucQ7vEvwUOQUIj4BX0Wwo2Zz2XonP2gJ0KyPsRrRb1HXfX+mwFtinTyhZ4P8zNPIYDKBm3zehasHPMr+7zfOvYOLSue0IH7D6xEVD0JG9fRc+2sZHpsRE7GL3QCAPtMP2kgE3F6Nx8KcvtZrhJdrPqZo2jPWefUCZ3K3pAuFYK6KjBOQlPLbuy+ml6T9mq1D50rpkl0Cg1dqikd9WTcnEtotXUk+DUXLsqtZU19eMXagGmH+qCCZh65J0rqizIWzJTnYJuOKXz+popRZHcDJb9jD8jEF5VQrC7VK5s51szkwY4N8hYA364qkWVhh06+rWrfnVX+pUnI/gDTg6ssNcLF9WjeDpiGVRLQXyUc0hZlFWNau6pBN7b46So04soirpq9rekVZBwoPC1lGErL866zPs5KqBp6OIMPUEvbcpTcCuPD5cYE4QhJQeueKSqppcpvkiZgy6CJmNfV2KQBB+oipljrnL1vkyTqMZX/1jNQKQ+SLmfnSwJxJSyZ9YXHdp1mrpLscv6vrUzNdbCMWEApEgpnRBfSLgsTEoOy2Gyq71qbca3rfdVhXi7Lew1CroW8zxYFa92Qb3W2hnvsYqeXZrzVkX+zKVOHN2MrVx2dYnNI3v6YuYr1RT7Yzm9YIqWs3wvhx7gVm7al0VKKSqjUmIvyWePSCVT46haUlVx82CUqbqsyVTlLAL87qp0GahM2cDO0IIAgMnPmw5xfEANblA0yYvZrLpJnk8t7Wh/uRkPOEk/tpakAb4mNHNf8XZpsptBt3ZuKkTaNTwswScq2+PSaknhDFVomLaDS4yX0/Up49GLF/2Y+S7TAXo5Tr2NnbppAbCmrirTi+ondETiSAfjgjk1orq3SntCet5oFAZo7u77DDK91B3KeaLbJCsstpa5cC8zIfX41xon/lTmOa3dBwVty3llWeU1t83KRHlDaN1D3V23y5yucbp1MxMrKUeZzYHyRF3Of/Ri+sODE/WmqbtXjA+l38iTEczKsEt6kjcjPzyrRkNCgiqL6Zr7kx448/e52ZdPTr58Zu6FkWDu9x58puW24Su3ZjCZzp/Fxu3UGbA7jbOH+TTtvnrukqQb42bMZVUuONwm0rcJ0BSixkVzvIyEZJ5Iw5VuH+65w9s+Zh6PxvU+l5qlxZ6GayVW6ZEnAjArKpQtH5My3lxmwHTZSSDXBcEdE3y6SoUgqbok8Rp3ueb8CXcbrKAzVvoy3V+Zng8f2b1WIc0ljGun+NwuibpRXTvX6mcp3/TmcI7B8KlpVGRVs9ptO/wehdP6fp72VfFll+F33ZvWPzaLv+30O9Xq58lZWat3T+VRS7X6Jzi0LbymWv0Sh+BlEitIeZorJHBY5An2OAshuNCJqRZXFddUyd22nQnjVdt/oBDXNRa87bSk8a4d7CJJVTCDlDZGkz7Xl+dckox4sWe//8LJtpV/q33bdU9ouN9lojEiAfCUj9CzbbhhnzRLzkqf5DcOIuyTHufQU1FkySctcEjeNrrNdv0k25VKdZnsTl+ekeT64CfZtUA3qdpUOZGmP/VYDIzjwPKFIPdMLn+fkdsWEa3DHv4Tgt02+IkpWtM+9mrcxrGPLHGOmrWGuG35QgzxYf5sPMhPdjjPHxUGyi5TpsWzZim65/aLmOaK0X4X8lJ53YrfCfY5OcaspU5tU6EM2l+B6IMHxh3JduNS6BPdf6lt43AIL4Lax2Ua9omGMWEID0XnsEs0nCVnpRGGfaLh4xzaJRoucAjNcFJ8LgIYZffly6Ll+5OBwpXKTbxi0LsMd3GxvOIg7xRwvBNonyfDi8oSAVWbiaPyeV5lhcqieVokF/n1tzQtP7djmsdPdZE07GpcrlLcF9228dd521r9jCrtEn8jMg/r4MD/AQZrt4YNCmVuZHN0cmVhbQ0KZW5kb2JqDQo1IDAgb2JqDQo8PC9UeXBlL0ZvbnQvU3VidHlwZS9UeXBlMC9CYXNlRm9udC9CQ0RFRUUrQXB0b3MvRW5jb2RpbmcvSWRlbnRpdHktSC9EZXNjZW5kYW50Rm9udHMgNiAwIFIvVG9Vbmljb2RlIDg5IDAgUj4+DQplbmRvYmoNCjYgMCBvYmoNClsgNyAwIFJdIA0KZW5kb2JqDQo3IDAgb2JqDQo8PC9CYXNlRm9udC9CQ0RFRUUrQXB0b3MvU3VidHlwZS9DSURGb250VHlwZTIvVHlwZS9Gb250L0NJRFRvR0lETWFwL0lkZW50aXR5L0RXIDEwMDAvQ0lEU3lzdGVtSW5mbyA4IDAgUi9Gb250RGVzY3JpcHRvciA5IDAgUi9XIDkxIDAgUj4+DQplbmRvYmoNCjggMCBvYmoNCjw8L09yZGVyaW5nKElkZW50aXR5KSAvUmVnaXN0cnkoQWRvYmUpIC9TdXBwbGVtZW50IDA+Pg0KZW5kb2JqDQo5IDAgb2JqDQo8PC9UeXBlL0ZvbnREZXNjcmlwdG9yL0ZvbnROYW1lL0JDREVFRStBcHRvcy9GbGFncyAzMi9JdGFsaWNBbmdsZSAwL0FzY2VudCA5MzkvRGVzY2VudCAtMjgyL0NhcEhlaWdodCA5MzkvQXZnV2lkdGggNTYxL01heFdpZHRoIDE2ODIvRm9udFdlaWdodCA0MDAvWEhlaWdodCAyNTAvU3RlbVYgNTYvRm9udEJCb3hbIC01MDAgLTI4MiAxMTgyIDkzOV0gL0ZvbnRGaWxlMiA5MCAwIFI+Pg0KZW5kb2JqDQoxMCAwIG9iag0KPDwvVHlwZS9FeHRHU3RhdGUvQk0vTm9ybWFsL2NhIDE+Pg0KZW5kb2JqDQoxMSAwIG9iag0KPDwvVHlwZS9FeHRHU3RhdGUvQk0vTm9ybWFsL0NBIDE+Pg0KZW5kb2JqDQoxMiAwIG9iag0KPDwvVHlwZS9Gb250L1N1YnR5cGUvVHJ1ZVR5cGUvTmFtZS9GMi9CYXNlRm9udC9CQ0RGRUUrQXB0b3MvRW5jb2RpbmcvV2luQW5zaUVuY29kaW5nL0ZvbnREZXNjcmlwdG9yIDEzIDAgUi9GaXJzdENoYXIgMzIvTGFzdENoYXIgMzIvV2lkdGhzIDkyIDAgUj4+DQplbmRvYmoNCjEzIDAgb2JqDQo8PC9UeXBlL0ZvbnREZXNjcmlwdG9yL0ZvbnROYW1lL0JDREZFRStBcHRvcy9GbGFncyAzMi9JdGFsaWNBbmdsZSAwL0FzY2VudCA5MzkvRGVzY2VudCAtMjgyL0NhcEhlaWdodCA5MzkvQXZnV2lkdGggNTYxL01heFdpZHRoIDE2ODIvRm9udFdlaWdodCA0MDAvWEhlaWdodCAyNTAvU3RlbVYgNTYvRm9udEJCb3hbIC01MDAgLTI4MiAxMTgyIDkzOV0gL0ZvbnRGaWxlMiA5MCAwIFI+Pg0KZW5kb2JqDQoxNCAwIG9iag0KPDwvVHlwZS9QYWdlL1BhcmVudCAyIDAgUi9SZXNvdXJjZXM8PC9Gb250PDwvRjEgNSAwIFIvRjIgMTIgMCBSPj4vRXh0R1N0YXRlPDwvR1MxMCAxMCAwIFIvR1MxMSAxMSAwIFI+Pi9Qcm9jU2V0Wy9QREYvVGV4dC9JbWFnZUIvSW1hZ2VDL0ltYWdlSV0gPj4vTWVkaWFCb3hbIDAgMCA2MTIgNzkyXSAvQ29udGVudHMgMTUgMCBSL0dyb3VwPDwvVHlwZS9Hcm91cC9TL1RyYW5zcGFyZW5jeS9DUy9EZXZpY2VSR0I+Pi9UYWJzL1MvU3RydWN0UGFyZW50cyAxPj4NCmVuZG9iag0KMTUgMCBvYmoNCjw8L0ZpbHRlci9GbGF0ZURlY29kZS9MZW5ndGggMTE5MD4+DQpzdHJlYW0NCnictVhLb+M2EL4b8H/gcbeAGQ7fBAQBtiwvWnQPRVL0UPSwh21OG2zb/w90ZkjKcmzZ2lgJkAjiS/P4vvmGEQ+P37+8iKZ5+Nz9vBfq4dcvL8/iw9eXze+PH9tW7Pad+Ge9UlLRTwItlPD4NyQt/v26Xv3xk3hZr3ZP69XDAQROPP29XgEuUgJEdBKUFUElmcTTN1zz6RGUeP4PDxTP+RXK66f16s9GKZuU2ad2o7VvFPitAqOV6nulDlaBiy1oHHddy9NOqW7f2mZYVfZanmw3tAgM7y0zscmn4AocbUM+bGPo6fAY/iCfWIfB48men6B3+Ykf5vHTE0aG0zlqV0dwjo5gF2g7GguqGxmLXpQ3465aVM9GF/z4g3RAiQF7PZo5iWheB+3GnZiLpnKs9a4F1WQ/oxsb2MfWlW/Tdg45tCU+HA+Mt+OgjhMRc5ZwH++h0b/E0y/rVY+I+W29Ev3nTohTDMJ7YNAnLaNnEDL0KuAGKG1zuHPI2TGMsW2GXFMSaFR1NXgYWtUCcFDbTcw5pl2uGdDBadQZCIQChbHjCBMEMGIcR4xNKEP8oS0vp2B6yBkrh7IpkU2hJNMHgHbGQ7YHOjaxHlgcOMK94owzlF2OOZdHVLY5TcSbts4QHstwzS/tLqAg9ykMx0htKyXJD3sM0Jilbkzj7A55Gl1rqgF+OMNz6IrJ3ZAWtF6HsjFTk+GbvTzcRpq+B2n6NdKc9hLiBNI+iI83zTGLmlOB70Mpvj9ojX0XGlotkz2noYqWU0lprEAtmS7Fm4pUZhtNE7XcCbW4hhHU3ekS3ooIK5WzMmtcz3RdQF+lmaItXMPMUOkGQwiYubizUbYZuGQqC0yxHNmuByaOUc3e2GM1r98pRLhBqNesZMdDU0QyZHuQDRvziv9MvhnMcItC0aogbZhI/hws+ndhBiAz4lvMCe9BDZeMVPoSNXZDI5ILaKxCy6ktlCia3fqEkOjV7RTHRWMKxkntJ5yYE9P0Hil2Pkpl3mIOLNsJa52kTcJZDE+4kGPYZp3sq9Zzv1ik3/ijhLIGu107dKY9Ez0de0g79A1Zc8dtzGTvkPsX6IZac7F3mNG73dW8naXRRC0dTIRtVhrvkvgLaQSpEiv9OaxKALH2V7ZmMWP21ga96g/qnamtCxZyuHQRIVnQRymirHldlAKVrIeZ/fRdfcVZDIzR0l+JQUSVdGia8+SocTrLsAOWQFdUGZ/8avLDz3DjrobkHFpJyQQTbsyC1l0aeQFaXkYnHN6V8U58D7Twwqe0rjdSZQ7cZasY8uoU8dfg8J477R6Gu+ttl+/S4XMkoQAbM+mycSqDI+Tm6ZANJVa4MZL8ybQ9jDch6m57taycm+CkveLVYY5Jd4nzBZOi9OFqoG+btKxAG1LoKbjPoZ9eWKA9VnYnLF7e4Oy61AyEGrfmfB/4EfroZf+zoRNIP23yKyb0BxrhehzKq8vXjWFhqdBuhifL3pwRgDJNeTILDMtKnA5JhiBsYIxe78hV+Z+Lztgoel0vhOCbASe3vVhY4VCosbxe9mJWVJe9BRrlmWIuSv0mxdXLXgOrPcZIPS8+/wPwYslYDQplbmRzdHJlYW0NCmVuZG9iag0KMTYgMCBvYmoNCjw8L0F1dGhvcihMaWRpYSBDb3JyZWEpIC9DcmVhdG9yKP7/AE0AaQBjAHIAbwBzAG8AZgB0AK4AIABXAG8AcgBkACAAcABhAHIAYQAgAE0AaQBjAHIAbwBzAG8AZgB0ACAAMwA2ADUpIC9DcmVhdGlvbkRhdGUoRDoyMDI2MDMwODIxNTMxOS0wMycwMCcpIC9Nb2REYXRlKEQ6MjAyNjAzMDgyMTUzMTktMDMnMDAnKSAvUHJvZHVjZXIo/v8ATQBpAGMAcgBvAHMAbwBmAHQArgAgAFcAbwByAGQAIABwAGEAcgBhACAATQBpAGMAcgBvAHMAbwBmAHQAIAAzADYANSkgPj4NCmVuZG9iag0KMjUgMCBvYmoNCjw8L1R5cGUvT2JqU3RtL04gNzEvRmlyc3QgNTQ5L0ZpbHRlci9GbGF0ZURlY29kZS9MZW5ndGggMTIwNz4+DQpzdHJlYW0NCnicnVhNb9s4EL0X6H+Y4/Yk8ZsEigJFP9Ci2yCIA+yh6EF1tI5RWwoUBWj//T6aE9fNmjVNoM2IMjlv5vGRHEoqaklKspakI4EnaUl4TzKQ1JqkJ9XivyBlNR5Jq0BKkQ6GlCRjW1KGrLCkNFnvSDlyWqE3eYnfAnmH3zwFg0GCRNsG0i2st/BFQmhJ+Cdk60gbWIt+moSCI42IVEAbIWnjAUrCCE3aw3pDBv4snBr4c60lQAhnERX8eURg4M8HtOEvOPR3JFukYpAsAiCDHOGA4FpK+LECNjhCUlI55KPAAXKGSxkTtoakASiGSIvsLMZZh/7w65CEwzgXAln49WDUYVyQihz8BnDqIoNI0oEfIdAfzAh0dpFL8OdAtAyC4FIpBOFBoBYgFJRrDyolyAYZPs6G1OThz6Lh4c8hGR+ZxlSAGuXRGZCgL04BKG8RvIBFMnCpFSZRgFItIzmgGHEjJe3AD15pBxykYCRevnzZXEaRtHTVLJrFXTc01z/v+mYxTw/L+d2m3zZ/d8Pqr354Qc2nL+gnvlJzuaIorqtXr54/Sx4Ee7j833AMkrvOR8fZYmQQVIHsssi+GFlX4IYcLjRXigtVkiOsLyyp80NQIhtC+XSLitlW2dnGOigGhpSh4grqsWfl4MvFJrC92LiYsI5EqAgiqztVrjssTxm3rbh+ZA0TWRHqchFKExcp1pGMB8f5QeisDHW5DFWF/nVWhrpchvFwlFHRqoJ/nVWiLleiMhXAWfXpcvVhtUDFylfAZ3VnynWnKrRmsloz5VrD2oBmY+lScd6YrOhMueigT0gHGsE86l1pZCr0b7LqM+XqA6OgDlkhfFOhRJNVoilXIuKFH7Mr6mwNE1k92nI9ooBEeYWyERWirWDCZrVpy7VpbQVwVpK2XJIo+0gmH0KfA34gwicDrSvfC2qQfR45lC9FMhXYrs1iO1E+2TXIMo+sipFRdNZg6zy2KcYONcg2j1yuMtHuy93z0PNKc+VK+73gPSsAn5ebL5fbsZL3vDDy2vPl2jtW9J4XRl6GvlyGsmbd+7wOfbkOZc3C93kRikfot+PyYdsP89EL627y+D7Ol2O+q/J9kW9vfIviewzfJLiW58qay1suNrno4xKM6yCuQbgK4HOYT0I+l/iA4N2aN07exXhD4dXNy4zFzmLjyWbivxLTcZD69dT3V+M4N1fjpv/c3UXhR6IuuwkkxV/j15P4JvKzP773v170P+ZP/U+S7Po9fA3j3DcX8c+74eZX4xpdv40/mkW/nJsPfXfTT+k5jnl8/jhs1kO/uO1ihPHF6wEeunk9Dtye5vW/HR52rX/G6fu3cfz+a1rjm/vbvp9jkHPzuVtO40H7zS3+HrTfrrvNuDp4sdisbxh61zc9ottq6rbN+/XqYUIq63nTNx9E82bcRtTXw/J2nJKsY673u1FMycXD9j4WDzLNqIifnQ5n46Lb9vdfUvPxM9HeuN9MmuL0UaPIJC/pa8BT406bcNKkm+2fTQoiXQQzJuHpcMSk+wxfKjLGnGvcaRNOmlTN/tlw3RlnNpWBT01a+6lY2pu0BaRaYm/SZuH8oUmn3lMjTxt92iS8xz31+bP/AI+H0D4NCmVuZHN0cmVhbQ0KZW5kb2JqDQo4OSAwIG9iag0KPDwvRmlsdGVyL0ZsYXRlRGVjb2RlL0xlbmd0aCA1Nzc+Pg0Kc3RyZWFtDQp4nH2VS4+iQBSF9/wKlj2LjtwqKCAxJDSPxMU8Ms6sJr1AKB2SEQjiwn8/xT3V2rKARJOPepxzH1432S7fde3kbn6Mfb3Xk3tsu2bUl/461to96FPbOSJym7aeLPF3fa4GZ2MO72+XSZ933bF3tlt389MsXqbx5r6kTX/QX5zN97HRY9ud3Jff2d7w/joM//RZd5PrOUniNvpoLvpaDd+qs3Y3fOx115j1drq9mjOPHb9ug3YFM8FM3Tf6MlS1HqvupJ2tZ57E3ZbmSRzdNYt18nDscKz/ViNvJ7Pd83xKZqIUJEAZSDIJAfJBEShgkgVIMfkeKAQpUASKQTFT8AbK2Kx1RR8e7zEpmFTWQW53Yz1ahqSsRMkSkc8UeKAQhAAjyAcIMJYgBBgjwAABpnYnAkwRbhCu285y3paZ3X8eURSUvH/27y/9F+ojWib4UPBYQFnBY4nYVLDqgzw2Tx7KqdRT+oKFPBHSoLheRNZMDIKZImcSVj4FIUVqvZYkOQskUUv1XEuxNCPRkIprSaYYM4XeukTARaYAZkNajzdAWkJOMCkr4YMgH3ITUIh6hgpUgtabgNB/FNl7oyczcmkmspcipWlpK4aqmTdv9HgTrwpLnw9LmwXpPQnTQljm+NGI9dTKHJeaHuaWFmhHgRSaYr2vRSeLWUTMk4QJ0QmurSwRmcjXDZQsJUuUQkSr7eN7OQsSd69vZ49p208S85CcZ/l9AtfXcTTDlwc+T9153radvv8nDP0wn5o//wFyyq+nDQplbmRzdHJlYW0NCmVuZG9iag0KOTAgMCBvYmoNCjw8L0ZpbHRlci9GbGF0ZURlY29kZS9MZW5ndGggMTUwMTkvTGVuZ3RoMSAzMDg5Mj4+DQpzdHJlYW0NCnic7Ht5XFNX/ug5994sJCwJq6xJvIBLQBRkc2tkFVBBFk1AJGGVHaIoICAuiMa6YsFaW9eK1S7B3U7HttN9qu10m05nulk77fR1ajsz3UYhed9z700Ea2f63q/9vPdHb3Jy7znne77nu3+/56III4Q84IdBuuy8qOjMfw+KEcKtMGrMy5+b/9rwq3aEWo5Cv6Os3tT0XscT3yDk8zXAbCpbtVKtud/neYQmKWD+qcqmqvolWz3g2a8DkG6oqmur3B/9xBSY/wNCkQ3LK0zloYe/2Qeww9DilsOA67Db+4BrOvRDl9evbO08exfM4T8h5B1U11hmKmQrziK0RIeQTFFvam2SNiuSYV4P8Or6ipWmuCOteQitPAhjVIOpvsKn1uvfCJlyEPKKbGpcsdJ+AEXDfDeBbzJXNDX12L0QmgBdygMR3ilqxxeRL/WXeMz6BsmliFzvHW25Qe4fLY+OHcYjV1xapN7QFSMK8Resk2wYeRJoCh/G3/8T5tHYSyQhMPC7CFbNAtlSSIGiMCFyvscGRMMsw3TgnUiEpKIY5gos2cffqSuokvoL3OWIocjFqBHVC/O0A/eCPLUaPYXcRoZ5GqTeVIwa4QNkjn5FlEQ4RTT9HKj0PJKShn7Bi3kLWTmOLajuTvOiTn7+B+tW3Hn8f0xPtEDPyR+h5/itfSmfn4cG2n5nPOJcZBUd+/E9RO/emcZf4mIeuEUH885YmpheNP8/raXfRJ63j4lWoAM/G22P3bJRCev0sp/lopUo4SfToUM1pP2c+/9gj050iLvH3HkfpuNHxuN/ObqoaqSmP0SpPzbPVPM0kwt/hu6Gdgha/2gYMv6f9sCf2T8m7Y77+4zF5bjEb6BDo/e+I201v6y+xuzl0B3oiHpkLF30NVT539ZT/RCZb8fZigZ+LvroB/i76Fkk/8GcBbk45v8rnnUoZXSf6QK/6Pr55fyjtv46UjO5QuviZUY3ojy6D+X93DT8ev16/Xr9ev16/Xo5LiYNGaE9Ba0YWim0BGglwji5lwtz9T/73npUQp1HgUwyyoO2kNs7HS1hlqJl9GsomJkDNBShxUwfaqTeRzqAb+Zo1KPZThpz4Z7spPGn8kLu/wuaSYCLuxMcdQFNg9YGLRZaHLQgaPHC+GRoMcLcT4LDoban/yfy+rnp+T/ZGx/8EZoy0FFo3eTuHNOjR26Ho3+Hjt1x/Xnkx90vorIf5fv3qHZMX482Qsv8AVwR6rnT+B1xTkLddxz/Bm36Kev/f7ikb/30Mz3Y88JfkJRfr1/swpeF+9u/EP4Pfxm8/+8vsPmLcCPvWMgbRW/uXSS5M9gM9wQ4bTFoHBqPQtEkNANloBy0BE5p7egEOo0eR0+jq+gLPI2KpzEtUfurx6tT1E3qNvUWje9Nym5H5N1jKJqIItBcNB/lIhOqg5WnYM87r1yp7oaVmKxkwug3R1OKZbQ3Qva59i+Q1v6J7Tq+gK3Xvr72wrXKa/nwmXFtotgKtPNvdxJQPiqHvVahzVz/4H+TA/0O/THjRX9I/4P+gP6SzqZz6EV0Lp1H59MF9GJ6Ca2nrwL2ABQEspiI5iAdSgNpFAFHpagabUS9aCvqQ3vRSfQouoI+QX9D19HXWI5dsRf2xaFYi6fhaDwDF+AlWI+X4gpcgzvxWrwR9+Ad9HP4LEK6zHv3DvT3burZuGH9uu61XZ0da9rbWlevalm5wtzc1NhQX1dbU728qrKivKzUZCxZVry0qNCgX7K4ID9vUU72wgXzszIz5qWnTVQpZC4ReEguS2aTK2SREWhIJodHeWQEtoqTrRJu0JqtVVt1i/SarFx9akqgRmMIZDVWnZUJSyXNVG4pc0wYAAWsgrWAIiuPzVpUqFenWozcJIzkj+nx8wnOOeHJSiXn661pWuiN6qdzfWd33m3TGY5pVm1FORZL+RCiw2BcFziEuQdR8lYDcGJgraVaVsPqKwB2SIpcNfnGZHhydTxhdTpgVF9QoFJoZUvYC1h4KtRb1cZKwzyARlSYlfvmQeJnW/lno1VdplZbxWFsaY7eorFiIxso9HP1IDFsCrRoWI3aYLhgfzqIQLMawEWhpCEWb140pMOb8wr1FxXgCZvz9acoTCUbkwxDoTCnv6gGpXOjFBklg6SjJh2UhUEzpygpBx94UYdQNzfLcANcvwy44MakjjGMyi5Q/JiC3yic20gHHl52geFndA5oBsak/Fg3Dz1RgJbCjILMPI4oiAfcJH+BlEAzOplIJ9W56FwpNwp0QYZOwcjjAOuC0WlX7IYDhwBnLjd8AXcPuegCL3KYcgXIboAkY93OMaCcgI1CBPvxjBfc4qCgUH/aFQF+7hcgksgVGZE6RC3UsrfMepEetJc6hBdqjWDapEuHparBrK26PD2BNQaCzYN1p0RGEOtS69mKQNYw5O1taUodUiiSsyzJYMhga5yBDZnE4UathTc5YmisYgaYKR2WUcamGQGEBbeBbwYMlS1WG62lRi08qhVpljRiFSYCjXyHKDpsCDNheA6aA3ITu1plbEWSVc4mOWfuQnfxM2IyI2GTrNiXl3oqm6oeV20pY0vBAnU5+qrASoMJcFt1rMnKsEmBQwxKAn8Zh4Gl1CG0UAu8ZYENZmtzisBJiTDUFkuKekjHhJvKTKSfogG/twhTbEqKYdSKVLXFqjOVGQEi1cABgyfCYCprUpeDlIFdkFweC4+FhWRNfqHe4lrOlrMgYZ3OYgK2A9VlhkCLoYyTOKwH0lBkhOhWdBKCE0V8PqysEn4uqFGpkS3lB4h33j5WdftAJUCNHmMzyXbcHXN3SyabWg4QpJnKrTRYnEZdbuBNBuVwceNHgfAoIDXolENuUcx09LDQgw58Ldaqsd3lzm4aaUaQ2hTeVqxMOLE8vcZaE2itM2idICZrd6naolawM1jywy1OJ81oFcFDd5mJBCcxsT0YyIQBtb4UbBkQphktDouDZUy4cydrg3YMSgipOB+2psIIO9buHLXRoDYaYRS8RxOotorgrq40EeMiYTeH5ycHYj/cTJY8WIuIAwVaJZABKk0VrAaitZU4LS99QiMD1KE8vRUFWiysxYqBxLA0AAb04VZxeAa5wbdJy5oqQIlkP7WpglubBuRy0iHYAlNZjQFAqDBOliA4iBal5KfMAtZoLQZvE4UpLZ4WdaIFolYxBFwmvGyxEdKCWqFOU3OqNoElEyFkkJ4BEPGALmEEENZz33BrvXaoWBJ2a4T7Nmp5YCmHFSjL1VtzHCAS7gsPzVor5ZcAk4R5nAvxg+EURYQnCssA8erAqgLJarWVytcL6uHWZ5ClgQ6F8ctghAu7JC1qHPTKeXr5TcXc15X7uoRZpWGgaCsDNPDTEsLOLSOAZyCaX0Nz5PIMwDNspRZmOEaMQocJq+B44tOhmoRPKBRMLGmBF+xP5UCMNLKkGQxkeym3EVnBobbwiIm4xGTyTqIQduK/cvLN4FgYPSzjvhKOZjLHsyQaK3hBehftTyFechrhIjZDuOwVvFLwu4pA63KDtpxfJRYiuBoiKkTuskVctVEE3sBqJBDHgH3wKrU1TwtJhOOtl5dqJh8diFXiNBalgQ0JD8gXjp/sPEx+ELgWO89KQdf5xJ6iEJayCeTmwiYMUVgC0Z4EI4WbKwR6S5mxnE/UIGWUEDiLlEZiTtEunG5XkdCUrxcFMgbOZMKtq7WCFfO/q7TO+dXEJyUOSUrJnMU5KeLQreZtI1z4XaWV3nGVRfrTNpMK2rS6cHMkGoVL//NWNK+gTF5dmRSPOZOPEzAaXmaxkNA2VOxOPNQ1XAnjnkBaIhCZKFAJsukAUnLI1lJuhOuCu0kIObzawuQwoQDYp3nTlsOkAqh5OpCHgu9FOIis0jqgeSEA3bIw3s6FaWE1b52rtQZ4SiPNCCBppAmeJBe81PW2qC+g53XqMnaSdSIjiZ51YiS9IewKNTATKIIdw9UKENcMTp7hQCr0LTOGsCRcABARACpshsUid8R/Ev7h7KdDXHGJDJbbB6ydoA/QtdudZ6S3j7pxw4KW3Zx3Mii4gyzZKk8m9QvJTS7EAKaAfjufE2IOV06MEgw3RFxx9Og4InuJIyQ0ah1rHXKr5FxaWHvbaL6+E0aJpJ4jmcSK4S4K15AWSETH7UZsvFErFLqdRLvrOXTrtWp1NdRZyRiqLUiU1SRVqQm0NJwLchYoeKpNJi4OcceYcVBL5ZLqGE4ArEKNZ6FZ/GGIFc4ZkAOYMP2swEQDnCsu2D8LMvChioIkDy3folYrlDBlUXvCQcPaw4lXmGO5Mcji4nABinDQA87JwxHqXSlLVh4IgZzIZAmBMnLKcxyw9mr/07SarIcoZS1hWzVEFNbFbBsUC8msVa1eCiERBtODDBYLpFMLS05Si/X8L5nCEUGkMiBVjAAbGARntFtd1yBibqYL9tNB5Ljk3G2NYzcz7EYeLI7trGV33I1YGS7ibQ2+HPlDcYjl92fChU0tSy2FcD7UWIPJxgId0HUPMnAYgJK9hBKks5dMtauWTbOriqPMqqVRfaqiKLuqcIpdZZhyRaWPsKuWRNpViyOvqAq0dlX+pExV3iS7KneyXbVo8klVziS1KntiqmrhxJOqBRPtqvkT7KqscLsqM1yrygitUs0LvaJKD7Wr0sLsqtSwk6oU1q5KHm9XJWmuqOZq7Cqd5qTqLvUV1Ry1XTVb3aeapY5SzQwxq2aE2FWJKrsqQdWtig82q+KC7arY4Cuq6UFXVDFBdlV00EnVtKlm1ZSI2arICLNq8qRlqjDYKzQg0H8pO16nGk8H+C/VBMxWqWfBgyqkShUyaZzv0mA/uyrI164KjPWfUTQuzndGUYAuhzz7kWcf/5m+ywu9Ej0LlImKAk+DwuCW6FogSqQKGGiuBo849wJ5oqxAkigucDfIDGIDMrgkSgtomJUaKIMC0TqdCF/EO1G+NuuCxJ6bZZXmFFnxZmtYHvmFY4NVvNmKCgqL9EMYbzf0bNuGgpOyrDvz9KdoBI9QSVLJi/RDDL3dkIS0SKvVIuHDPQp9rRaP+iBo5Iu0/AM/L4ALz86O1gEqjI+ZGYdESeSDPO1v2T+l/46UCNmvO5ptn/0LkR/5t1CkjzrQOlQPn9WoHD7kuR01oVUoD1WgFlSHqgCiFn5XoBr0NjKhQmRG+QBRhdYA9Ca0HFasgt9m6G9ERtQImNagBbBez2EwAWQdzK4C7J0cJgKfC71qmN0AOAsAZzmMmtEitAQVA0QzlA7k7dZzokxEIw/khSJRlC5gsp86YIIolJF5V8sYhWJKcKiXF6bMSGoG5qMVz0crY+BHq/T0S5w6rVmpUYaND4+dHhcT7evjLRZplBocHhcfFxc7PZwdL/ZhHTMSsVhCP2fzD506NTQ0Oto2l54z/DtcwcycOSMud3F+SdPhdevvy0mOH8+IMm+c+yAqNDSKtP3M74a/za2NjEiPm5mtz+nc3FGbUz5dmxVL3ktKyb8HAw1IkAwF6txkjFQsRkArwxELNCZGxSiByhU4BrO0hvbS0FL8/SX8j8e7R17fdB7//mNR0o1LuM3WSymotQgyNodR/Iw4nLzpxGLm1XCoqM9Rcoxx62KknU7ehFoBZjXs6oH8EYuCde7SgAB/eISNFcLG0WRnT7KzUsNz70t+xWyYJpoXjSY2Jpo8hLOQa60v/2t16d3H6v58zPYODi3Yufh4n+3dm+u3zFm9+KYo6ejxmmP+fkPr2x9Z2q+tN640715dkVIUCRTW2a+LQkX5SI38dHK3IKSU0mZ/5MKT4JkI+6eOD6Vip3uGgg58/dgpFKhE7OPt6wubx8e4U9T112wf9fXhkNcs3xxxP+vaeKT48EtLl750+OhlxTnFvq8hi8RdvowTrMbn+is26PZ8O9D/7a7Dhw68thykD3IQuYMcZMgHKc77APtyB/s844ynjzfFsGExPM8cq8+9gSfvv9/2x9dtX3429Enzik8f/UyUdMD2+ptv2V5/YKD5syHrp2bgjMhYDrjlyF/nKpJKEQPoXUZLl9vCRyM0K100YqCaR3ZQg6KkflveHpu2H/F46G8BjwuRkAOPYMq3Y7HSaSMNVP7IwwRDbt/IPYKEZ4OEw4h9qdRqd+QJMg5wyFiZmKiMGS3lEOo2KcfFa2I1RAzUV6/broKoVa8vv7SvTH5GVnKk6fDlZSWXj2w7a6Bsq6nEDbabno/i+Cuv4IRHY2sPNyxYl9337d6Bb3ZWnF11T/Vjtq8HBI6Ybx2SoWUyJAaOpLdLJgb8MkbJwq/1DPXhqVMjalHSyMtU7I1LREgCHlwOeGjketYpE36p9QxxC0F67wCMCLmfAxha2EXYwAdQt4iSbhruE/CJDnFeodIpaBc32tVVfBttnolRfpxPgDdiQh1/tz6HP8jAf3xqaI4tfpVt6hxR0vCntP+NS8zDwzdp0c18B9ffcHoErqW0CIkoyiwZhVnAS5jGSusF6qOTF0aCgbjXmCjANO3mqyReEG02gDaBRrDYcaBJhUOTo5XI2+0Eh9UKyqSuv2H7aNcuHPLGGzho1y7bx28cfrG4+MXDnMM4HcVqe/HyZdvvrX27v+sf+K6v77uB/u92I95bmGzgwBW8hXirXI587mCL0UKg0CjhmY8UVvxJ54srV77YaXsFh7YP7G2zvStKKrm4acOppSNfUMc7125eL+C/F/D7QjSAmOTi5+fjg9Swg8cdYxIXlMBavVga7JXfzbHdSMuT5h2W+aVzx+kvLPCOX7rA9iyOzmxN71lre0mUlPlAV/cZtXz+uhLbYzg2r2X2yPPUHxJqspq7QE/z7deZWSDhKBSi84xwEyknhviESpHGnwbvdQQmPy4whYfHxgg+QsQ8YQpIP44kC18fNo7LHTDrF0IRcVALdv5ty9nifUsLtuUn3btu77Mldb/fuv5P687gE53rdswZ6N3/zNL1H3rqn+ivbY+OqVqUVpismViyvX7F/bn5xzvNLVVlM7N17GRjf/v6k4uJPXmSv6hzmcNL5yKRmsUURVOEPGUMmLdJSZxWo8S7bOtoq209c3Jg4GYBWXcA+HsD1nmB/XiIKLNstP0AR2B/3oQl7gHovvDb6w3nzj/y6LlzDV949nzeTy8cfvH106dfpxOGT/V/3gMYScaBmIXEyEcno5FINMooiLZMkLvI9++2oCfxTrz7ks0PzLqD2ch5KIWQRMNZFXidmJbT4G0cCplT6zF8pnbgIT6H8d22Vb/FU/Hcl3ASjj5jW/2E7aztccB7P1NGGriM+eZ2iA0JYLrvcFFCAhEHKJRjKcmvEg47oI8m0opRhglBFEedsRVQh0ZKSCNRZO9eUdJeYv819uv0Q/QHKARNRBqdMkBmlrKsB3L1lphVQUguoOMCqlYQ5vS40PhbZUQcia4+SnaCWAyuGR/LEAPB+/O35h3FES91lFRYDledbcnaUq/bL0keyiw/GGf79tNiT13n0g2bp1EpncWVDa17UoIye6pHWvZkFXUvm/c8vaw2YwlkfY42URlk/Stc1r94g8v6k7wxbuOzPoUOgea9SLUHsSNYp/CXyiVmMTKLZGYv2kG+lpMH0D5BAsFNKVizN0cwz4hECYGkvW7vVJf9gzEPNq5+tKTiwn0bN6/tqN41ecJmz7wMC8TprxYYmz8cPHbVvOXJx8481ZRj25JpAl3X2L+kX+IkCLnILcAtACmkErMfvzmX76OinJKL4zN+uMORHAk/cuPlFc0v9zafraMfFHfUbr97Ttey2k30g3T9RWXjB8ePX23OvMe8rO4Za8uRJY21q+5f6NDdu7d4d5eZ3ZA5QA67eymcqovWasfs7kdisaAspYMOfJ1juXP5vqjBB1ymH11Quz1iUk9FT+9aT/O1wWPvNxctpFxvXNqebthSkY5X59ZeeuzsJYGCy8B7ANKQ6BboizwgiBMCHOxDdPNMjBlDAQlxmhBKYB1rOCKouAMvl5Y80//CRxQ1kolndlc3dQH75WdsJsqb3tzWvtWz56877rnW/dVVj0kuJQeM1WVV9yyiDJt37gAdqEEc80ESPqADd8rbm1aKzW4yKKplnMeCFJRcHGdjY2Knz6FiYnwI3z5wUz5z5Ij/Xc2FFYWGqGvX6PTehMxVi7QbjEVxvcMXwftTbb3080w2ckdBKALNQvNQDkrUBS+MXVCdmZGcHBsaNnt2ZLCvb4RLZCSKFUNY93DUuK+QXZUQ2xO5HxKM5vJSiI/nxTDBUWtyqcyLC7XxfkKREj/KYsYYK9HXBKhgfMaL8dcP/DZ/14B6zVevfP75ia1Ra1v2pGR2uZXUT8kuzIudE2bI1rQOLl7yUHvnsdy8493GzlWmks51OD9Fu7UhrcXWO681rWBjYPzano0PtRnTJ88er8yNm1WEE2UzM8ZPWxI03SMq2FvltaF4QF+8t7Bwb3HhQJG5oa65vqm+oR5fumtZCr0tmMTfQxC3XwP5e0MOdVXQYokZIyg7ZZwoOO9b4XA8CBVKPn1LlIeORR5ff3THYPDCjPo9keBi386sfuLhkbup4rSGu8pmjnBWfjdsUCxK585CivMyBosFtb4ioKVHHXQODeZHEYebMYN+ZTia6YmfPDmeNJ5GPI9+ha+sHDh4DIcGCTREHChOKZZEHOwH0BLmou1JRGIOZiA4b+ViDkAJFDmhznNQstMcadpXpk5DlP1j2z6OajnyI7nM01UiBpm4cwIhhCfHOtMR6zWKgSBtRsZg774rAhe2fZtTFzG+N7/fvU/0uZMZhDn8hBs51ICjUI9FLCAbhQTkQArwf3C5yf2cCEFGkgkrTbcyZYwPvri6a8qxKENk1rYyRjKMi4ybSbRFSDyLfhf0HIZYnWdIgEbDa1tsDpML+oZEARqHG1/x+v1A6xrH0wRh6tBBsfZYx+Htx8EOqrZrmQXBC+ct3z7Ff8YQDNKv9M+svnQCjGJpOm8U3INpZruugQw7rI+jyml94h9Y3w/pgG0jj284uHswZAExP26j354ctREfY79iEH3VWZtKzApHaBsb1AUXHVubTt1xubb28o7drzY2vrq7rjshobuuek1c3BpF29X7Dlxrb7924L6rbT0lgzV1J0ymE3U1gyVcTrPtY7wgqgpx3UvpLjf7C2xxetY6cnyegy++OoUMp8Sjc9qhw6LpD9a3ktjesXx/FPbu6e1qr+2bNHGzbZ9o+oGFpZDQHry6Im+eTYnfe3Lo9CXzfNvm+SWEb9s++l36QwcNnu5mCKkBHq4Q2jEzJrfMVXI7O/NLfAyhgeSWCVysomOBhLbHiivOd9TtjRIfsk2r3xExaWNlz9YNYMP/zio0fzz44Pvm4vkDNy7j96oy8crsOvzko+cu8ZqlNtN/hujro5O7OEQgE0Tg1CsXzolG7xdP2t3i7ZfRkKumXzk2v/Le8OSIEe6kUgmZqhNkOpWrgF3FHhNDvEgFPE4CFbB8TAUMYTiGrxan8+UvJAxS47DTx5S/kLpu5PY13XVoW03Jmsa7zfsXxpdtWrigt2rW4Q5DYVP0qvL6PVkzq7d5hi5cW2guzsifl6YJTK/Pm1uWpAmd35q/fLEuZUKcdlzAvGb9/Mb08UjIY0XMI2DJkMfE7u5ylxqJXGz2FGw5WhtD8hjvqCSXxXApjHfYT1Z1RR05cuyrr6IMNeC0lGvvBx/0jgwXmXoJ5gH7P+i3IV7wPiIzezCAVuasEvgagfd+rigRqgT8x4f6j4fkZzfsiTx+SBR10uOJB6mOkfuSls8omkWdGo7un1HL/V9a8j+XADtfLcMx0KmmsdXyKptlCKsxe8K2EyLuH+nJw9GwWg5n1AuwmquW5bQYDrSkWhY7Y9PoatnLi3wxS9M4yfbSo59+dvGLvx61vWT98jpgvE57Dn9JK4ejaf/hT8GKXcj/hALMEvBftc7LRSwTYXc3SsogRk5ytQM9h3wFjgfEEqzBE2AbP+yCK9O/P207pbN9SvnYPkmynTv9XTKupZTxeJPNN9a2CD82HX9ua5828hknA/AYIgMl0Z2LWC6HsCyWOSOzIIk8Ep7j43l5SNwptjo3MTso3LZmCEdi3xO23VPGL2haYttnmZ2uB4au0cHD0auW1ESRHVKAm9mwA/fWRIwRDTqUOHjgz9qxmByRsMYnBUj2oU6NfELFd1Mv9K4emdrLRbMv6Pfo9zmvDtN5e8jMrmKzXwBXM/p6OatGCOHcz22VY+ydKscvwbXLz3fW3zuFVI4PZtfv1E7srdiwpdur+cNjgx+uKMy6Zzi6L6toc3UmbsuueNp6+gnE1fZACZdp+/jaXs7V9mrpqNq+xtbDxaDxcG7V6vyCJOYJkycHjhOboWISSaUKVO2mcFbZMQ6i+SprAu/CcbGxP4hO7jQ9mgMqevXj1fjIjuqslSnTjzYQdh5fW90PkQrfZb6vs2YbqYSBH1uPrqeqYPHUZtND2UVNfzl8+C+NhQvuGZ5Rs2fpJEpeMx/rc2oeP/HwBcId+DFzVpTEhGPyv/gkWE5VI24cbOR5UbpzPNQxDpodPe57a5wpHIVHS8ZBMnlUJHUTzvNBKByis5s6OFgj9ZCOowOQqxeKink22g9qTq7mFSrOuPgxL359Rx3YuFSFM5OaUzZcP7xs3vzKvnM7luwo2CaZvi0qp0vz8mMZVOT0qvm1tROpuCUp6dmWNVNWVI98Vz87pTn7rm101qIZSTxF9FzuHU4Qcj+rkKJqPylQMqrova2QddjPs+ZjBsMx86oTxcUnVnVWRJTmt5SXU5GmM53dZ42ms2s7z5jaDrbldmce7Gg7SHg3QiT/q0gLZ/0JkJFDZCKzN3K7lZFHBWwI0ROi50CfvPpzh34IRbFdj1RHRVU/0tX1yPKoqOWPdOXVzPTzm1mTl1c7y89vVq1n1fl/3r396wtVlRf/tW3bv85X7S4c+I3R9JuBQribjHAnnvgUEPKSKAQiFnl/KRbLXF3NWMYIlT8Xo5XulCR2DgX2RgUElm3Oz9tRr7qPmReWGuf6gHumMeLGR4CnGPT+sWgyCiRnRyigpAqRGfv7I1eukErkjk+cV49+ce8UJIQqn2L8amtdfcfdbYMlT25ff64ke9Mi20PUkY14sP5UaeWGXQ3t58qLj5srj+/JsF3eQ2gvBfl9IiJ/g5mg8w7z8HBn3P393Rka+YaIIJwIolT6Qf0ZpeTeTJHM4MyILCu8Ir+NGuFVOhXxhxuD927u2nVw64JFnRvX17RuHKz5TUfThfr1NW0HGl/wfPP59l3t3WtWbu+oKjV1L1/50NKsvoaWgRDfo1s7Hi4E/SaAzUtFGiRDbkijU9ByOWB1c3FhZK5mRkRyimdiVGJMjJLPhUpNLIYnSINYo6QeHbFQK06cPj2yCb+FpQP0+uH2Ptv3+D7qMHBewnHuD2dVVqf0c1cGiOCDfL0Ys9TJNim7PROjo2+9CnNyK2G9ND4a+pb8KXbtldaT93ds2N3XWdw2cSCRemrkeTZsw/KVT61Y+bKnYXBVbUd/366tsVHUb+6xlU2eU/hE345nK4ASYsP/BL1HEEqC1RoU5hrmijykIrPfbZQIZ2fyCpSLX9yrA0opvDsQCJtADF6gKWnrnztb/7zzwF9Cjvu0m3YOLtmet6Gro2n9s9Fe2jX3lzQ+WlnxtGcPDv3ibzhi99HB4mU2u+3z6Q9fKTzc2nZ3e0737LIZRafWdz3TQGwFylHwNX/I63CGEVEUDSbuyqd1Ins+2WCKShwJpTeNvMF037v7ZhucsMqBv6tgY8HA4UzI6h5S38jI8HA03UNkDrnFIXnx6Si54OQ7Jkxw9kQcmC+pJeH8GdnX4Ql8gc0aDnXO62sqaVxxprT0zMrOxeb+eR0HC7M6s+Z3ZaR25hxumrV87qaSGdVJSTWeU5btLOs8EaTe19TSn5Z+T4t5f1DQ8bVlO5dN2R7bULCoIYGi4hryOjqoViq6LKOuPGLpvHllMUQOxcDPV8DPFKIv38AAlQg+SDFBdJvlKB36gvzDKUh5K9Jxf3Xwg4x/KxySF9pibGt6rNHjIUXH8oFHc3tzLD3dK4o2lYcpJzYPGFeerqh9Ycvmt9Z0fOi5YE9NQdX3WJl46rXCI21tdycUTlsTXzqn+PTazmeaemzvfvGZ7c3dIPt6oPVPQnzUogCd+8RJ2skMCpHREChdbq90/0OsnDAB+1Fs+/HKKVMqj7e3D5L7YPvCykRf38TKhdn8vaeKcjf8IGjeU9h/0Wi8OGAwDJB7f2FoFr1mGcloJXz0FovpbPIfBCDyIfx3LpJC5QiRFMuc71mjb4ujWOdbsCI9vb0kYMAZR0sib3wEWPPATv8smsyI6UXfkl0Wwi6vi7TQz/076QsxBXbN4/LqEph/X+QP8/nfk/4yTr9kfYGN9IMB3xFufvEl0if++h6Hb8kw6S+G/mdcX/9vkpMa4ZQYCpWKB/CjOO/7X0+Jzhc5VMqWN1tb39yy7Z329ne27b///v39e/cqWq/uf4CcDh/Yf7V1y5UDB1999eAB8goU6WAzNf0G/86XgRrZxVlnC9KCrCBIayV7uDFjXVngXsoeU+x5wDWtaPIw+etkM/D2dzjRBpG/2bghF084VAUEOM/u0Z58HUlsgfcz1vnaTiyRaHya8aGCpoTKFn3dtAeLz/deeiHjnpWfUfXrMBVrMM7KKJpdeVfTsaVHtyzevCa5dxeRVqntAfoT+i9iCZ0LVbIV5DXbdo7xpN/mYjyr83RzYfgw74JqXGRmRswd8PgQz1XNc8dG+b6RE1T+ibffHnkQn7Wdw5n99NzhJ/rg6T2qhdiY7Sjs9yrsB0c/2zlBfxBvQf8FnP5LbOfov3IQiwUIIWIRDXMQxbb76K/oPwGEHiAeEXA4LRf6Qg0A/Rx+BZ/Lob+I6wt5Fvq56E42KGQj6OcjdCca+dgL/cVcX6BQ7KSQj0nQ13M1Ybn9K/ofnA3+37ypCN/48ooVL2/c9IeWlj9sMq1LSlpnWtql03WNscWty45U/+/2njw+iirN96q6O5B0ujtpIMBEKKMgR+hAQhIgXEm4wpH7AJRAdXelu0h3V1FVTRt0FYVwLUS8EAQHFB3HY0ZFjQ7O7IqOOqs7DrNeI6MjuIfKzqqL/PypP232e69eHwlRwfnt/rE/8/3y9euvvvfd76gjlbX3tbfft1Y+3E7q8TQo/gvUY2r09q/H1C6oePjqG+tqt6/Nv4M7d2lViZ1VJHgigqfv8Kcg9hs+HaBegFIG9ZLFvwW+Xvsl+tsybPuWDEMEp5w7y23l82kEzT3s8MQe9vvih1cFu+fM6Q4GN82ZsylYtSg/f1FVVc0ll9TYpd4u2IL5eq+9uldSm7qX1G5patpSu6S7icSvC9ApfhiM59yn6HCG+kdFtPL7DuYV+Wpz2ZULhl3D6aMr7NfaC6dd8vVpIoE8cEFsHgEZGIzz8rKcI+RBTmL1dPOad9+9Y9o4LsXTq+fOq1++5Prbd23aM31F8TG8R8SW6W1lZTXNc67edU1oXqBl3H6NaCmDyOwALRPIVX6yZyQbxoxRSB42igYob/pF7xSxf+c9113VWNu8pnFq+ZL62soF9dctuLZ+8TWL6+cvle6x33jN3NqqqupZnbNARPW0ZYHSwpXz5l+V4/DVr9tA6j0f0AF+CJ1DRsw1p4/B2RYkWyCC5Jq7GcTSxMwBZ8U5+IG4jnd2K0o8gp13aFzWN2eUO7ANrwEfy8HHbj6X3snIznE48mBzOMgNLrqpi0mJ37IvzEgVB17TumVZd9uymtbWhVNr8taPwX+M7x0yrHHOog2Ll262l8nLZlTX19XV/CQPP6i/OnTUVO2qK2MzEavAzRDn4ehyOCOwu9zu0aOzRmTAiW5G0ghmQ+KE9jJqQmKGTt3RgpqUtz5Wt+uqddtyNv5EaWjnLw9UKrfs6a5dVj9vWvuldp/96Bvbe1eq3o4dN19WtCFq7A63zJmzqOiy0CqIxgQwpweiYUOuXrLxs8k8KUxaUua2bw/W4gWcP76H29elfLMKdh4lNIL5sAZegUqI/UMzxo0rKMh3INnjMO1P7vjM+yDn7/gSyyPs98h2L/2eR3vd1pZVS2YvWto1ryq2tK580ZqmrbWVXrFyToc4r6ylpaysrdU+JdBQ488dsqqyZuXEiStrqtpzc1bXNQSmRCqrKudx3LzKudVYmTmtorS0YtpMiHgpG/PEZqii/MxsS3bGECQXDEll3bx3aG7oypOXExLZJhcTkmezS4xduddnLp3duIor8C6s0Spv27JiV2N9j3/uytGD2xcuq6u1R/yTp3bfIhRN76xdd1P9Iz09vW347qJLQ6ub58xeDPPSFI7ntsI8lcGTuxFOoHRxTnzKOgYodzBKKedkPHsZpQx67aCUfYySDzwHrJcB5U5GKQeebliBMvj9jEJ0baa9DjDKBOjVQ3nuYpQS2ovw/DSpPWHhQfMdfOTv/zkfnCeQeyucS0O55r0Vctkvfowfue1rWMi++oDMulPiZdxW3G56F68i3sWr8Cm83PSOUkrjVYxnL6OUQa8dlLKPUfKB5wBuNb2jlHLg6cbNpneUQnRtpr0OMMoE6NVDee5ilBLaq930jmlPWHgwIYd/jttqO23azL9KbOZfw6dsH5k286+RXvxrwPOJaTOllPEvcTsoZR+j5POvcgds75s2UznlILnbdtK0mVKIrs1U1wFGmQC9eijPXYxSQnudNm2mlNKkhQcJBcbvvec+x/ehM7CyZD5uo/koTkwb5kyBx05bvHha+aJFmTWl5QsXlpfWQK+N8dO0Vw6sRwjjLIuV9jQX8yZy0zEvTYTtwQkzlg/OMuVUr4ufbh/ZPpeKq21Y/fdrwC5qBf+qbSz/HlRIBsXvwKj7BdAfos8NDSVnlsjlyrTImbRq6BTTBCe85Fo0dEnT940r75G8nKJpNTXTyhYuxHcZeMyt5CnBW+Mn9PiKmtKyBQvKwA3w42dY5/P5D2Elz3x8EFoLq/jE869D4ZNtPS0tPW3Lb2ppuQnrLbvb2nqam3va2nbTZ0rywNZD7EkshNcmapo8tJiHTx+MD2NPY/nw/VwrVwF8gx6Dr+SBoSaYH334M3z/bfSKSydXwrVzL/bn6MSfcSW3ksufaHN8P+ewLmb2yszesRw57c8tL7HB+VhuHu5u0GfN1Bu3r9duCMT378QZePjhQ3gMHrbl5Xj5x6/Hlx8hshbH9+M3mCwbkm1UVlNZbulUDuawXHLOyWUsjmk3BrY1GrNm6U3x/a/gf/rkdfyzIzviX8Y/PHwofiJ+eitI6j43jHNaX+hr1fz+Vm2pN0yr1m0MnDaNOojHmkZ98hoxCmw6NwxseqGvTW3fYdPplElfxD8Ck96On95CvNvIt+B7ra1Qoa5e2DFlITmLrEv00vp59Xn/FXMbM+ykXqYtrNb4ljbhqqrB86eWz6+rX7HTC3W4hQ9xCq1DN+z4Mi1orcOSuGoJxVJaQp9VSLbwR3bn3Y7seK3ddY8ziw+tfnTtqlWdD3sTn+foWyQH3WhttoxFXtiVX4GfpG/zzOD/23r4XAA01p67gv/M+gWaAju3krkjxgwbOS5ntCebXE+wopKCkVateM1g85rCyN9PLP59LrusQJ4iSKyc5SX06Qnz+ayhAz2glVc6iqf7PBhE3BU3vHUDfhg3b69v2Fw3Z4exu7el4+h1G16MPszdFtM33XC449C6ivXHj3Xm1vfu6YwVTfbXLxIX5NsuW7PTG76zoeGeDfo6X0eLf4Jl5Owrb1h1zYOtL9n++CW5I4H/2dLN/ZTe5c58HNnWosQ4S6aAKy2aMYPcyE67FQ/93rK08n6rD0YE9MOJfu4SOPLKc/GzllacHf8M+E5ae3mf7fkB+E4+dyx+ztpL+TjyPgT+UXoVwYVQ2kkH2ahw1pGrb2xo2B4YvT9ezL1sWXL5gjL7fseSNRO/ep+MT/KzGm1Dd14kvIfew6PSYGkaqBcBuwHeToNvCMAq/P0wJg2auVgfePIHwb8T4McxuLYf7E3CsQuCkwQsrguE0gFhk+X2i4Q3LW9a3WnQnAZ7LwpesC3vA1soPGj7te0PDE71hYycDE8aLE2DOzJe6AfnfggMqgTYPOgBBl/3h8Hjk7D8giAGcG8STmRmDQCFDNZlbrpgOJkGf838IsuS5QJYkdXzI/wIP8JFwfGss3aP/Tr7Q/ZPs+dlr8n+nWOUI3zBEHXsdRxy/NzxqONpx7OO3zmOO/7ktDs9zoBTdR50/tz5qPNXzmPOl53/4jzhfN952nnG+ZWLc2W6cl0jXc2umOt61zbXbtc+192uB11HXM+4zuYMzVmUc0vO0Zyvcytzr8x9MjfuznC73CPcBe6J7qnuWe4F7jr3cnf4e2C9+3r3NvfN7jvdh90Pu590/4P7Jfdx99vu993/6T7r/maIbYhzyPAhl14AzBziH6JSOJSE59LgTYAP+sAXJgwdNbQ6CcGhuwaAJ9Lg3f8V+K+BYFjz/2NQATZfBOz9P4WnYD84Fr9qPtUE+8ppiD3hBNgK38w2B3v6dazNp9EtaW0ryuGvZm1bGj0DTU+2s/Fv+e2s7UATrctY25XGn5PShS3IZmUysRVZrdex9uA0ngpkt25i7ZnAfxN5Q5hlMBihWm9nbYwy7VbW5pDDHmNtPo1uSWtbUYG9m7VtafQMpCXbg1Cu9TBrD0b59vtZOws1259nbTuanJ3H2tn8tuyFrO1Ara4/sLYrTX5Oyjbw3Z4zhrWtKDNnCmsPTuOpQMNzKlh7JvA3PSAUTy6eKiyTfZqiKx2GUK1oqqKJhqxEPEJlKCQ0yoGgoQuNki5p6yW/R2gOSkJBp6RFCgRD9IYkQekQjKCsCx1KxBBioi74pfVSSFElvyBHBFXUDCGqy5GAIAq6EfV3Cd4uoTLi13qEBVFfUBeUCPSXBE0KSevFiI8KJPJJF1WUNV0YFzQMVYczpYBsBKNej08JF4kgQZrUQSQUMe5JlLvIG1K8RWFRNyStaGlN9fzapvmesH+8B3xTuzTiDjg9ZXq6DR6hXtLCsq6D2wK4EpQ0CawMaGLEkPyFQocmUbN8QVELSIWCoQhipEtQJU2HDorXEOWI6aEPdCQjQiIaEzUJmP2CqOuKTxZBnuBXfNGwFDFomIUOOSSBjyQGBU2sR8F4qsQviSESRHIscUiIQRCUqAEB0w1N9hEZhcDkC0X9xIbE4ZAclpkGGl4zjyA0qoMHxM5CIaz45Q7yKVG31Kg3JOvBQsEvE9HeqAFEnRB9UoT0Aj+KFE3QJSgMkCCD3dTXlHWUh2hRSUANFiKqNxZUwn09IUUThdTpQYn28SsQMqpxreQzCIWwdyihkBIjrvmUiF8mHukzaBmKXmW9RF0x0xpRDLDUtIDEX00llR3SgyKY7pVYvMwSFdO80Yh23YC8yxB6GApUXX8vPZWqoejEflEwNNEvhUWtM8GUGkwBTYmqtG6UsCpGQIGnUQpEQ6LWCmEhZhV7Jk+pqCspK0110qOqGpLBMjKePMIKJSqExS6StbRhBqHxaZJI8gO5UkNilxl4VZPhKMTJgPKCkmNpIEUH9UysY7kUYHSEqb+s0WHWxXk+qJrij/oMyAqMf+hbSPokFEDwYkHZF+w3ASSCm7JeiYS6hHHyeEEKeyV/GjtI+C5rKTst67Rq1/tkLymrgkZgnAxaDClMZjFNBq1+JRYJKaK/b/REM1SSRtxRQBXgqKHCuIHZi1QK8ASlkNo3ojAlwrA32UlCSI1pSlD2ymCzJzFLwfDWPeFEBOlsZXSpCswmarCrCIo2arRJpGDbZL8RrFOhMqHWmuQNUo0hQn7QA0hAxWgy/E6F1jIkIx/SkIJ0+O1ABtCqoaUhlWIRKDK0IsgDRypRCEBAjUALoCAc0+k3CT4l4F4P2E85m+GoBJ8FqJMeiUBLAH7yAsgQPUK0EUoQZBEpHVQL0R8DLkLxAx+RGIIjKpUsAG8EsAocGuWNAiehBaAtwq8O1ChwdkHbS3ElHPUD90fQXgDHfKBRp/ojTD+xRqN6iD4R6L40CxP2J7QQ3TJQiIxxNAYG0HQ0AxUBBOAYkRkF7R6Qo6AwUEVmg4QmgcyEDUX9ZE9Kk11E46QALgIJIvWL8BahpagGMjQf1aImwB446kfjacyraZy6gCuRHTPTU9D0b40D6VdPJYdpHnSWbYFlJUiPSSyWAVoREWqLHxXSrJGjqWgRqSQ3AaAV0vgqNDMR2l+l0nSmgXhnUI8jfXLoY36cXyOJGo1RHRKT7KefOj3qA06R2UcqiFCi4JtErU5VM7Fcphk382gk67Wpn44CiG7KE1KTIh0Dcp/66d+LVLFZCQroN1iFkSxqdMQl7ChkknwgM0pfTmHGoX/vEHwPU1q6D6nqTR+PpqVROiYL0+JJ2mFoEy0dye9SWrZUWrchGu0gpfhp27TaS20xOfUkp4/GNqHLzEcRnTsESjVnDNMGmcU7ldeBYleYllfTFzVZoUa/Kkr5G6PRCn9nThIzTZSNOp1ypvT4KSaSUz6uBQ4f1WvyJKST+SpEx2gsmTUftclP7ZSZfTPSZkMy+yl0TktlJX20RoBmsJimxyBR/6k4pI/Uvr10OgLNqHuZ16n6Sp9FxW/JjZb0Xaf1FqHSzao3V4WUd9+XSw/MOyqNnJ6Mv0j5yUxC7AlTzs7zJA20MgXo9yhITM03JOcqtdL0wEPXowB9iQyR3MqqJRGtYuAgc2IFqkMlqAyVgs0GW2mIVpHO6BKrr8T8bs7uMQoemoG+tqXmegNySqJkzpUqSOgCamJ109l8nq7j/B5Eup6UOVAkdBoFlY5AM6cJDWRGX0GjJFBNXcm5YODV1qxqH82WmBzf5rhXaQy7+oxIlVas2dfHpEjsu9ivSo3kTGyuH4nc9p03BLa2hdPqry+lo8989v11otLvfrrKGWwsm/sTU29hUk9/D8yREWM5CH5LzBI7lP4ja6DYkz4h2hoH/OPhk9S8NznvnC/dtOGHxjYlPbWaDLz2DORB+rrW166KtBognpi+GFRfYq+o0TW1i82kMeq5Qsf5d9We2KeqJJoXhWGD7UAEthKqbD0094aJOc+UE6SrjfqdNWruYiMsMynpiRGSmGdJ/QTpmiezOHvO2+uZuwv9B80H5kpAfGkD6YkVoA1afmpVHZ01iVRz3m2C9gbgrKEzsjl+UPL/Wp47QP5P54A/mH2S/xHKe+WQn7X9/lAkAJ974bdUN9vkP2mWkpOYZkUJwWnwVM/U6Z7JFUK0QynuMGYIJZ4p5Gsg1KUG9aWyd4ZQ5gGoEMI66RUilMme6Z5pFeTMhZ5mB2RyLWG9TE5IZwilPt+Uyb5S31LRiBQK1V1aqFBYqElSZ6GwXp5kUr2BSeYBXWONaCdt/KBONALknSLkzV5DKJ6KOEXVN+AKhGJwnoQtCMfgVAlbESfDKRKeSZ4WQfmwSMykb/rnMLl2hlDWiDvJPW6gYULDu0E0eUTzaaqDo3x+2uZpGzG6w0wA10j+goq+FR/Tvx7DMIzIdcYZMLQwmg1AnjJfAfhKRK4tbkQ3A74VPQT4l+hXgJ9BHwP+FJ0BfBbsxTgD9GDy3nzADjwe8ERcB7gB+wBL+O8AX493AN6Jfwn4EXwEbOvFvdB+Gh8F/Bv8G8DP4pfJMwXk2is+jl8H/CZ+C/C7+F3Ap/ApwP+K/wPwGQza8Vn8OeAv8DmEOZ7LADyYywLsIM+kcbncJYBHcxMAF3IewKXcdMAzuVmAq7llgBu4BsBNXDPgVq4N8ApuJeA1HMSI83NrAYe5MGCVUwHHuI2At3BbAPdwtwDexx0CfA/3MOBHuMcAP8E9Afgp7inARznwi/tH7lnAL3LgF3ecewPwW9yfAJ/gTgB+h3sH8F+49wCf4sBH7t+4vwL+hPsU8BkOPOU+574GHOfiCPPgKuAMHmLOO3gHYBfvApzL5wIexg8DPJwfDngUPwpwAT8J8GR+MuC5fCXgar4aYctsC+TaMt8yH3C7pR3wQctBwL+wHEG85XHLk9DutbwN7T9b/gztDywfAv7YaqW1zNNr1Ig8hYuK6f/CPWJ5wfKi5SWoLx76HUXI8mvL88hqeQVkZJMatDxj+e3/AM33gNQNCmVuZHN0cmVhbQ0KZW5kb2JqDQo5MSAwIG9iag0KWyAwWyA0NzFdICAxWyA1ODldICAyNlsgNjA0XSAgMjhbIDY5Ml0gIDM0WyA2ODZdICA0MFsgNTU2XSAgNjJbIDUyNF0gIDY0WyA3MDhdICA3MFsgNzA3XSAgNzNbIDI2MF0gIDkxWyA1MDBdICA5N1sgNzkwIDcwNl0gIDEwNVsgNzMyXSAgMTMyWyA1NzddICAxMzVbIDYwNl0gIDEzOVsgNTY2XSAgMTQ3WyA0NzldICAxNTJbIDY4MV0gIDE3MVsgNTg1XSAgMTc0WyA4OTJdICAyMDVbIDUzMSA1MzFdICAyMzBbIDU2MV0gIDIzMlsgNTI1XSAgMjM4WyA1NjFdICAyNDRbIDUyN10gIDI2N1sgMzAxIDQ4NF0gIDI3NVsgNTUxXSAgMjc4WyAyMzldICAyODBbIDIzOV0gIDI5MlsgMjM5XSAgMjk5WyAyNjBdICAzMDVbIDg1MyA1NTFdICAzMTRbIDU1Ml0gIDM0MVsgNTYxXSAgMzQzWyA1NjEgMzM0XSAgMzQ4WyA0ODZdICAzNTdbIDMyM10gIDM2MlsgNTU5XSAgMzgxWyA0NTJdICAzODNbIDcyMV0gIDM4OFsgNDQyIDQ1Ml0gIDM5OVsgNDM4XSAgNDMxWyA2MDNdICA0MzNbIDU0MF0gIDg0N1sgNTM0IDUzNCA1MzQgNTM0IDUzNCA1MzQgNTM0IDUzNCA1MzQgNTM0XSAgOTg1WyAyMDNdICA5OTFbIDI4NiAyODYgMjg2XSAgMTAwMVsgNDcwXSAgMTAwN1sgMzM5XSAgMTAwOVsgMzQwXSAgMTAyMFsgMjkzIDI5M10gIDEwMzdbIDI3MF0gIDEwOTdbIDUzNF0gXSANCmVuZG9iag0KOTIgMCBvYmoNClsgMjAzXSANCmVuZG9iag0KOTMgMCBvYmoNCjw8L1R5cGUvTWV0YWRhdGEvU3VidHlwZS9YTUwvTGVuZ3RoIDMwOTA+Pg0Kc3RyZWFtDQo8P3hwYWNrZXQgYmVnaW49Iu+7vyIgaWQ9Ilc1TTBNcENlaGlIenJlU3pOVGN6a2M5ZCI/Pjx4OnhtcG1ldGEgeG1sbnM6eD0iYWRvYmU6bnM6bWV0YS8iIHg6eG1wdGs9IjMuMS03MDEiPgo8cmRmOlJERiB4bWxuczpyZGY9Imh0dHA6Ly93d3cudzMub3JnLzE5OTkvMDIvMjItcmRmLXN5bnRheC1ucyMiPgo8cmRmOkRlc2NyaXB0aW9uIHJkZjphYm91dD0iIiAgeG1sbnM6cGRmPSJodHRwOi8vbnMuYWRvYmUuY29tL3BkZi8xLjMvIj4KPHBkZjpQcm9kdWNlcj5NaWNyb3NvZnTCriBXb3JkIHBhcmEgTWljcm9zb2Z0IDM2NTwvcGRmOlByb2R1Y2VyPjwvcmRmOkRlc2NyaXB0aW9uPgo8cmRmOkRlc2NyaXB0aW9uIHJkZjphYm91dD0iIiAgeG1sbnM6ZGM9Imh0dHA6Ly9wdXJsLm9yZy9kYy9lbGVtZW50cy8xLjEvIj4KPGRjOmNyZWF0b3I+PHJkZjpTZXE+PHJkZjpsaT5MaWRpYSBDb3JyZWE8L3JkZjpsaT48L3JkZjpTZXE+PC9kYzpjcmVhdG9yPjwvcmRmOkRlc2NyaXB0aW9uPgo8cmRmOkRlc2NyaXB0aW9uIHJkZjphYm91dD0iIiAgeG1sbnM6eG1wPSJodHRwOi8vbnMuYWRvYmUuY29tL3hhcC8xLjAvIj4KPHhtcDpDcmVhdG9yVG9vbD5NaWNyb3NvZnTCriBXb3JkIHBhcmEgTWljcm9zb2Z0IDM2NTwveG1wOkNyZWF0b3JUb29sPjx4bXA6Q3JlYXRlRGF0ZT4yMDI2LTAzLTA4VDIxOjUzOjE5LTAzOjAwPC94bXA6Q3JlYXRlRGF0ZT48eG1wOk1vZGlmeURhdGU+MjAyNi0wMy0wOFQyMTo1MzoxOS0wMzowMDwveG1wOk1vZGlmeURhdGU+PC9yZGY6RGVzY3JpcHRpb24+CjxyZGY6RGVzY3JpcHRpb24gcmRmOmFib3V0PSIiICB4bWxuczp4bXBNTT0iaHR0cDovL25zLmFkb2JlLmNvbS94YXAvMS4wL21tLyI+Cjx4bXBNTTpEb2N1bWVudElEPnV1aWQ6MThFRUE3OTQtNEU4QS00MEVFLUFDNTEtQjhBQUJDRjBGRjUwPC94bXBNTTpEb2N1bWVudElEPjx4bXBNTTpJbnN0YW5jZUlEPnV1aWQ6MThFRUE3OTQtNEU4QS00MEVFLUFDNTEtQjhBQUJDRjBGRjUwPC94bXBNTTpJbnN0YW5jZUlEPjwvcmRmOkRlc2NyaXB0aW9uPgogICAgICAgICAgICAgICAgICAgICAgICAgICAgICAgICAgICAgICAgICAgICAgICAgICAgICAgICAgICAgICAgICAgICAgICAgICAgICAgICAgICAgICAgICAgICAgICAgICAgCiAgICAgICAgICAgICAgICAgICAgICAgICAgICAgICAgICAgICAgICAgICAgICAgICAgICAgICAgICAgICAgICAgICAgICAgICAgICAgICAgICAgICAgICAgICAgICAgICAgICAKICAgICAgICAgICAgICAgICAgICAgICAgICAgICAgICAgICAgICAgICAgICAgICAgICAgICAgICAgICAgICAgICAgICAgICAgICAgICAgICAgICAgICAgICAgICAgICAgICAgIAogICAgICAgICAgICAgICAgICAgICAgICAgICAgICAgICAgICAgICAgICAgICAgICAgICAgICAgICAgICAgICAgICAgICAgICAgICAgICAgICAgICAgICAgICAgICAgICAgICAgCiAgICAgICAgICAgICAgICAgICAgICAgICAgICAgICAgICAgICAgICAgICAgICAgICAgICAgICAgICAgICAgICAgICAgICAgICAgICAgICAgICAgICAgICAgICAgICAgICAgICAKICAgICAgICAgICAgICAgICAgICAgICAgICAgICAgICAgICAgICAgICAgICAgICAgICAgICAgICAgICAgICAgICAgICAgICAgICAgICAgICAgICAgICAgICAgICAgICAgICAgIAogICAgICAgICAgICAgICAgICAgICAgICAgICAgICAgICAgICAgICAgICAgICAgICAgICAgICAgICAgICAgICAgICAgICAgICAgICAgICAgICAgICAgICAgICAgICAgICAgICAgCiAgICAgICAgICAgICAgICAgICAgICAgICAgICAgICAgICAgICAgICAgICAgICAgICAgICAgICAgICAgICAgICAgICAgICAgICAgICAgICAgICAgICAgICAgICAgICAgICAgICAKICAgICAgICAgICAgICAgICAgICAgICAgICAgICAgICAgICAgICAgICAgICAgICAgICAgICAgICAgICAgICAgICAgICAgICAgICAgICAgICAgICAgICAgICAgICAgICAgICAgIAogICAgICAgICAgICAgICAgICAgICAgICAgICAgICAgICAgICAgICAgICAgICAgICAgICAgICAgICAgICAgICAgICAgICAgICAgICAgICAgICAgICAgICAgICAgICAgICAgICAgCiAgICAgICAgICAgICAgICAgICAgICAgICAgICAgICAgICAgICAgICAgICAgICAgICAgICAgICAgICAgICAgICAgICAgICAgICAgICAgICAgICAgICAgICAgICAgICAgICAgICAKICAgICAgICAgICAgICAgICAgICAgICAgICAgICAgICAgICAgICAgICAgICAgICAgICAgICAgICAgICAgICAgICAgICAgICAgICAgICAgICAgICAgICAgICAgICAgICAgICAgIAogICAgICAgICAgICAgICAgICAgICAgICAgICAgICAgICAgICAgICAgICAgICAgICAgICAgICAgICAgICAgICAgICAgICAgICAgICAgICAgICAgICAgICAgICAgICAgICAgICAgCiAgICAgICAgICAgICAgICAgICAgICAgICAgICAgICAgICAgICAgICAgICAgICAgICAgICAgICAgICAgICAgICAgICAgICAgICAgICAgICAgICAgICAgICAgICAgICAgICAgICAKICAgICAgICAgICAgICAgICAgICAgICAgICAgICAgICAgICAgICAgICAgICAgICAgICAgICAgICAgICAgICAgICAgICAgICAgICAgICAgICAgICAgICAgICAgICAgICAgICAgIAogICAgICAgICAgICAgICAgICAgICAgICAgICAgICAgICAgICAgICAgICAgICAgICAgICAgICAgICAgICAgICAgICAgICAgICAgICAgICAgICAgICAgICAgICAgICAgICAgICAgCiAgICAgICAgICAgICAgICAgICAgICAgICAgICAgICAgICAgICAgICAgICAgICAgICAgICAgICAgICAgICAgICAgICAgICAgICAgICAgICAgICAgICAgICAgICAgICAgICAgICAKICAgICAgICAgICAgICAgICAgICAgICAgICAgICAgICAgICAgICAgICAgICAgICAgICAgICAgICAgICAgICAgICAgICAgICAgICAgICAgICAgICAgICAgICAgICAgICAgICAgIAogICAgICAgICAgICAgICAgICAgICAgICAgICAgICAgICAgICAgICAgICAgICAgICAgICAgICAgICAgICAgICAgICAgICAgICAgICAgICAgICAgICAgICAgICAgICAgICAgICAgCiAgICAgICAgICAgICAgICAgICAgICAgICAgICAgICAgICAgICAgICAgICAgICAgICAgICAgICAgICAgICAgICAgICAgICAgICAgICAgICAgICAgICAgICAgICAgICAgICAgICAKPC9yZGY6UkRGPjwveDp4bXBtZXRhPjw/eHBhY2tldCBlbmQ9InciPz4NCmVuZHN0cmVhbQ0KZW5kb2JqDQo5NCAwIG9iag0KPDwvRGlzcGxheURvY1RpdGxlIHRydWU+Pg0KZW5kb2JqDQo5NSAwIG9iag0KPDwvVHlwZS9YUmVmL1NpemUgOTUvV1sgMSA0IDJdIC9Sb290IDEgMCBSL0luZm8gMTYgMCBSL0lEWzw5NEE3RUUxODhBNEVFRTQwQUM1MUI4QUFCQ0YwRkY1MD48OTRBN0VFMTg4QTRFRUU0MEFDNTFCOEFBQkNGMEZGNTA+XSAvRmlsdGVyL0ZsYXRlRGVjb2RlL0xlbmd0aCAyMjc+Pg0Kc3RyZWFtDQp4nDXSN05DQRAA0P3kaGMTbBOMyTkHE03mDgiJA3AfGiok7sEFoKakQByAEtGYzz6YYp52R6MpZkJIo15P0pwL4ZdHvEeSr0j3Dd7wHcncwWf2OdKToAq13Esk/xEpvIbQkE4ohROc4gznOEaCv4aLtL34+f9qRAOa0YRWtKAdbehEB7rRhSwyyKEHvcijH30oYAAlFDGEQYxgGKMoYwwVTGAcU5jEDKYxh1lcYgHzWMIiVrCMNaxiA+vYwiaq2MYudrCPPRziAEeopfsrZ+IVVO4j1w+RmxquIrdPIfwA2yskBw0KZW5kc3RyZWFtDQplbmRvYmoNCnhyZWYNCjAgOTYNCjAwMDAwMDAwMTcgNjU1MzUgZg0KMDAwMDAwMDAxNyAwMDAwMCBuDQowMDAwMDAwMTYzIDAwMDAwIG4NCjAwMDAwMDAyMjYgMDAwMDAgbg0KMDAwMDAwMDUwNCAwMDAwMCBuDQowMDAwMDAzNDIyIDAwMDAwIG4NCjAwMDAwMDM1NTAgMDAwMDAgbg0KMDAwMDAwMzU3OCAwMDAwMCBuDQowMDAwMDAzNzMzIDAwMDAwIG4NCjAwMDAwMDM4MDYgMDAwMDAgbg0KMDAwMDAwNDA0MyAwMDAwMCBuDQowMDAwMDA0MDk3IDAwMDAwIG4NCjAwMDAwMDQxNTEgMDAwMDAgbg0KMDAwMDAwNDMxOCAwMDAwMCBuDQowMDAwMDA0NTU2IDAwMDAwIG4NCjAwMDAwMDQ4MzYgMDAwMDAgbg0KMDAwMDAwNjEwMiAwMDAwMCBuDQowMDAwMDAwMDE4IDY1NTM1IGYNCjAwMDAwMDAwMTkgNjU1MzUgZg0KMDAwMDAwMDAyMCA2NTUzNSBmDQowMDAwMDAwMDIxIDY1NTM1IGYNCjAwMDAwMDAwMjIgNjU1MzUgZg0KMDAwMDAwMDAyMyA2NTUzNSBmDQowMDAwMDAwMDI0IDY1NTM1IGYNCjAwMDAwMDAwMjUgNjU1MzUgZg0KMDAwMDAwMDAyNiA2NTUzNSBmDQowMDAwMDAwMDI3IDY1NTM1IGYNCjAwMDAwMDAwMjggNjU1MzUgZg0KMDAwMDAwMDAyOSA2NTUzNSBmDQowMDAwMDAwMDMwIDY1NTM1IGYNCjAwMDAwMDAwMzEgNjU1MzUgZg0KMDAwMDAwMDAzMiA2NTUzNSBmDQowMDAwMDAwMDMzIDY1NTM1IGYNCjAwMDAwMDAwMzQgNjU1MzUgZg0KMDAwMDAwMDAzNSA2NTUzNSBmDQowMDAwMDAwMDM2IDY1NTM1IGYNCjAwMDAwMDAwMzcgNjU1MzUgZg0KMDAwMDAwMDAzOCA2NTUzNSBmDQowMDAwMDAwMDM5IDY1NTM1IGYNCjAwMDAwMDAwNDAgNjU1MzUgZg0KMDAwMDAwMDA0MSA2NTUzNSBmDQowMDAwMDAwMDQyIDY1NTM1IGYNCjAwMDAwMDAwNDMgNjU1MzUgZg0KMDAwMDAwMDA0NCA2NTUzNSBmDQowMDAwMDAwMDQ1IDY1NTM1IGYNCjAwMDAwMDAwNDYgNjU1MzUgZg0KMDAwMDAwMDA0NyA2NTUzNSBmDQowMDAwMDAwMDQ4IDY1NTM1IGYNCjAwMDAwMDAwNDkgNjU1MzUgZg0KMDAwMDAwMDA1MCA2NTUzNSBmDQowMDAwMDAwMDUxIDY1NTM1IGYNCjAwMDAwMDAwNTIgNjU1MzUgZg0KMDAwMDAwMDA1MyA2NTUzNSBmDQowMDAwMDAwMDU0IDY1NTM1IGYNCjAwMDAwMDAwNTUgNjU1MzUgZg0KMDAwMDAwMDA1NiA2NTUzNSBmDQowMDAwMDAwMDU3IDY1NTM1IGYNCjAwMDAwMDAwNTggNjU1MzUgZg0KMDAwMDAwMDA1OSA2NTUzNSBmDQowMDAwMDAwMDYwIDY1NTM1IGYNCjAwMDAwMDAwNjEgNjU1MzUgZg0KMDAwMDAwMDA2MiA2NTUzNSBmDQowMDAwMDAwMDYzIDY1NTM1IGYNCjAwMDAwMDAwNjQgNjU1MzUgZg0KMDAwMDAwMDA2NSA2NTUzNSBmDQowMDAwMDAwMDY2IDY1NTM1IGYNCjAwMDAwMDAwNjcgNjU1MzUgZg0KMDAwMDAwMDA2OCA2NTUzNSBmDQowMDAwMDAwMDY5IDY1NTM1IGYNCjAwMDAwMDAwNzAgNjU1MzUgZg0KMDAwMDAwMDA3MSA2NTUzNSBmDQowMDAwMDAwMDcyIDY1NTM1IGYNCjAwMDAwMDAwNzMgNjU1MzUgZg0KMDAwMDAwMDA3NCA2NTUzNSBmDQowMDAwMDAwMDc1IDY1NTM1IGYNCjAwMDAwMDAwNzYgNjU1MzUgZg0KMDAwMDAwMDA3NyA2NTUzNSBmDQowMDAwMDAwMDc4IDY1NTM1IGYNCjAwMDAwMDAwNzkgNjU1MzUgZg0KMDAwMDAwMDA4MCA2NTUzNSBmDQowMDAwMDAwMDgxIDY1NTM1IGYNCjAwMDAwMDAwODIgNjU1MzUgZg0KMDAwMDAwMDA4MyA2NTUzNSBmDQowMDAwMDAwMDg0IDY1NTM1IGYNCjAwMDAwMDAwODUgNjU1MzUgZg0KMDAwMDAwMDA4NiA2NTUzNSBmDQowMDAwMDAwMDg3IDY1NTM1IGYNCjAwMDAwMDAwODggNjU1MzUgZg0KMDAwMDAwMDAwMCA2NTUzNSBmDQowMDAwMDA3Njk0IDAwMDAwIG4NCjAwMDAwMDgzNDYgMDAwMDAgbg0KMDAwMDAyMzQ1NiAwMDAwMCBuDQowMDAwMDI0MTI2IDAwMDAwIG4NCjAwMDAwMjQxNTMgMDAwMDAgbg0KMDAwMDAyNzMyNiAwMDAwMCBuDQowMDAwMDI3MzcxIDAwMDAwIG4NCnRyYWlsZXINCjw8L1NpemUgOTYvUm9vdCAxIDAgUi9JbmZvIDE2IDAgUi9JRFs8OTRBN0VFMTg4QTRFRUU0MEFDNTFCOEFBQkNGMEZGNTA+PDk0QTdFRTE4OEE0RUVFNDBBQzUxQjhBQUJDRjBGRjUwPl0gPj4NCnN0YXJ0eHJlZg0KMjc3OTkNCiUlRU9GDQp4cmVmDQowIDANCnRyYWlsZXINCjw8L1NpemUgOTYvUm9vdCAxIDAgUi9JbmZvIDE2IDAgUi9JRFs8OTRBN0VFMTg4QTRFRUU0MEFDNTFCOEFBQkNGMEZGNTA+PDk0QTdFRTE4OEE0RUVFNDBBQzUxQjhBQUJDRjBGRjUwPl0gL1ByZXYgMjc3OTkvWFJlZlN0bSAyNzM3MT4+DQpzdGFydHhyZWYNCjI5ODc2DQolJUVPRg==	30055	application/pdf	2026-03-10 22:26:26.085804+00
922a9abf-ddff-4c69-b2ba-3fa3e6d6063a	776631ea-c97e-4d0e-8148-77b66f353975	DOCUMENTO GABRIEL.pdf	/uploads/edef8730-bc54-4677-8add-6af93423800f_DOCUMENTO GABRIEL.pdf	30055	application/pdf	2026-03-10 23:03:53.95107+00
29b1c3de-3475-46ed-a166-560110f4a8ff	776631ea-c97e-4d0e-8148-77b66f353975	transaccion.pdf	/uploads/37f30049-559e-4805-830a-947a3333eda3_transaccion.pdf	16519	application/pdf	2026-03-10 23:03:54.034161+00
11ff76ef-646b-4e44-a707-9982dba3c638	535a8081-b457-404c-ab5c-47803ae7794c	presupuesto_19.925.307-7.pdf	/uploads/29119fe9-63bc-4137-8265-4f60617c7e43_presupuesto_19.925.307-7.pdf	261294	application/pdf	2026-03-10 23:16:27.405416+00
35d7c9ee-10b1-44c7-a5d0-2907de0205f6	535a8081-b457-404c-ab5c-47803ae7794c	bhe_17404510-2800.pdf	/uploads/6a6faeb9-736f-4d93-afa1-d3f6a14aaf1f_bhe_17404510-2800.pdf	8392	application/pdf	2026-03-10 23:16:27.510531+00
2d52e2bd-2505-4a13-9aa5-cb40fcbed2e8	960c2e36-8267-41fb-9073-43fd1812c565	Official ESTA Application Website, U.S.PDF	/uploads/090ddb53-7691-47d7-8b60-4b3267da4a4e_Official ESTA Application Website, U.S.PDF	118212	application/pdf	2026-03-12 21:05:44.91247+00
\.


--
-- TOC entry 3496 (class 0 OID 25245)
-- Dependencies: 225
-- Data for Name: bitacora_entries; Type: TABLE DATA; Schema: public; Owner: auth_admin
--

COPY public.bitacora_entries (id, case_id, date, event_type_id, description, visible_to_client, created_by, created_at) FROM stdin;
12901645-96d1-445f-84ac-81e5e4d2a3e8	744ff582-4a37-4a22-94ac-c626db9864ab	2026-03-10	1	Prueba de notas	f	5	2026-03-10 16:48:55.513357+00
9142ef20-6bbb-480f-a3ab-705781f5c4f2	99c5d5b0-0f83-43df-b1ca-aa285c0f4c6d	2026-03-10	1	Se agrega una Nota!	f	5	2026-03-10 19:41:03.34947+00
ef7335e3-8f61-49ef-bb3a-29cabab8609c	99c5d5b0-0f83-43df-b1ca-aa285c0f4c6d	2026-03-10	1	se agrega una notaaa	f	5	2026-03-10 19:41:32.249204+00
85f8f65b-603d-452f-9a37-1314f3340f92	99c5d5b0-0f83-43df-b1ca-aa285c0f4c6d	2026-03-10	1	Se agrega Nota NUEVAAAAAAA	f	5	2026-03-10 19:47:05.668251+00
58793387-29d9-47d5-b004-b0c8a8c41eec	99c5d5b0-0f83-43df-b1ca-aa285c0f4c6d	2026-03-10	5	prueba con archivos	f	5	2026-03-10 22:26:26.085804+00
776631ea-c97e-4d0e-8148-77b66f353975	99c5d5b0-0f83-43df-b1ca-aa285c0f4c6d	2026-03-10	1	Prueba archivos	f	5	2026-03-10 23:03:53.728058+00
535a8081-b457-404c-ab5c-47803ae7794c	99c5d5b0-0f83-43df-b1ca-aa285c0f4c6d	2026-03-10	3	es una prueba con archivos adjuntoooooos	f	5	2026-03-10 23:16:27.136974+00
960c2e36-8267-41fb-9073-43fd1812c565	055ab90c-70d3-4230-8cb3-23e8b6f9b17e	2026-03-12	1	prueba archivo	f	5	2026-03-12 21:05:43.306362+00
\.


--
-- TOC entry 3489 (class 0 OID 25155)
-- Dependencies: 218
-- Data for Name: bitacora_event_types; Type: TABLE DATA; Schema: public; Owner: auth_admin
--

COPY public.bitacora_event_types (id, code, name) FROM stdin;
1	nota	Nota
2	audiencia	Audiencia
3	escrito	Escrito
4	resolucion	Resolución
5	juicio	Juicio
6	apelacion	Apelación
7	notificacion	Notificación
8	diligencia	Diligencia
\.


--
-- TOC entry 3486 (class 0 OID 25134)
-- Dependencies: 215
-- Data for Name: case_materias; Type: TABLE DATA; Schema: public; Owner: auth_admin
--

COPY public.case_materias (id, code, name) FROM stdin;
1	civil	Civil
2	penal	Penal
3	laboral	Laboral
4	familiar	Familiar
\.


--
-- TOC entry 3488 (class 0 OID 25148)
-- Dependencies: 217
-- Data for Name: case_part_roles; Type: TABLE DATA; Schema: public; Owner: auth_admin
--

COPY public.case_part_roles (id, code, name) FROM stdin;
1	demandante	Demandante
2	demandado	Demandado
3	tercero	Tercero
\.


--
-- TOC entry 3495 (class 0 OID 25222)
-- Dependencies: 224
-- Data for Name: case_parts; Type: TABLE DATA; Schema: public; Owner: auth_admin
--

COPY public.case_parts (id, case_id, role_id, client_type_id, nombre, rut, telefono, email, razon_social, representante_legal) FROM stdin;
a428ee6d-d550-4dbd-99f9-7d97f1aac8fb	744ff582-4a37-4a22-94ac-c626db9864ab	1	1	Andres Comte Hidalgo	191168402	97714098	prueba@gmail.com	\N	\N
51600f20-003e-4e7d-8dc4-00e9978dd150	94d50653-3534-4a8a-9684-3d2f15a4f330	1	1	Andres Comte Hidalgo	191168402	97714098	prueba@gmail.com	\N	\N
a2cda10d-fec7-471b-9483-64c69a8cbc23	99c5d5b0-0f83-43df-b1ca-aa285c0f4c6d	1	1	Andres Comte	12345678	97714098	prueba@gmail.com	\N	\N
e08fdef3-3e57-4436-ba29-49d43c5879d3	99c5d5b0-0f83-43df-b1ca-aa285c0f4c6d	2	1	Pedro Comte	123456789	97714098	a@j.cl	\N	\N
580828b5-5a97-4cdf-9c8c-3ff74b82b3f7	055ab90c-70d3-4230-8cb3-23e8b6f9b17e	1	1	Pedro Comte	18748669-6	97714098	a@j.cl	\N	\N
\.


--
-- TOC entry 3487 (class 0 OID 25141)
-- Dependencies: 216
-- Data for Name: case_statuses; Type: TABLE DATA; Schema: public; Owner: auth_admin
--

COPY public.case_statuses (id, code, name) FROM stdin;
1	activo	Activo
2	cerrado	Cerrado
3	suspendido	Suspendido
4	en_apelacion	En apelación
5	archivado	Archivado
6	en_tramitacion	En tramitación
\.


--
-- TOC entry 3494 (class 0 OID 25197)
-- Dependencies: 223
-- Data for Name: cases; Type: TABLE DATA; Schema: public; Owner: auth_admin
--

COPY public.cases (id, tenant_id, expediente, caratulado, materia_id, juzgado, status_id, assigned_lawyer_id, client_id, start_date, closed_date, created_at, updated_at) FROM stdin;
744ff582-4a37-4a22-94ac-c626db9864ab	1	C-123456789	Prueba de andres	2	Juzgado de santiago	1	1	9db3c9d3-d75c-4006-9fb2-39be23d4fd1b	2026-03-10	\N	2026-03-10 16:45:36.463048+00	2026-03-10 16:45:35.988048+00
94d50653-3534-4a8a-9684-3d2f15a4f330	1	C-123456789	Prueba de andres	1	Juzgado de santiago	1	1	9db3c9d3-d75c-4006-9fb2-39be23d4fd1b	2026-03-10	\N	2026-03-10 16:54:11.457827+00	2026-03-10 16:54:11.256785+00
99c5d5b0-0f83-43df-b1ca-aa285c0f4c6d	1	C-123456799	Prueba de andres3	1	Juzgado de santiago	2	1	9db3c9d3-d75c-4006-9fb2-39be23d4fd1b	2026-03-10	\N	2026-03-10 16:55:37.684002+00	2026-03-10 23:22:19.76265+00
055ab90c-70d3-4230-8cb3-23e8b6f9b17e	1	C-9998887765	Laboral Prueba	3	Juzgado de santiago	4	1	83ebef71-dc9f-4e22-93f4-3b5bdd1443d5	2026-03-11	\N	2026-03-11 13:52:31.815497+00	2026-03-11 13:52:31.369818+00
\.


--
-- TOC entry 3485 (class 0 OID 25127)
-- Dependencies: 214
-- Data for Name: client_types; Type: TABLE DATA; Schema: public; Owner: auth_admin
--

COPY public.client_types (id, code, name) FROM stdin;
1	persona	Persona natural
2	empresa	Empresa
\.


--
-- TOC entry 3493 (class 0 OID 25183)
-- Dependencies: 222
-- Data for Name: clients; Type: TABLE DATA; Schema: public; Owner: auth_admin
--

COPY public.clients (id, tenant_id, client_type_id, nombre, rut, razon_social, rut_empresa, representante_legal, contacto_nombre, contacto_telefono, contacto_email, user_id, created_at) FROM stdin;
9db3c9d3-d75c-4006-9fb2-39be23d4fd1b	1	1	Andres Comte Hidalgo	191168402	\N	\N	\N	\N	97714098	prueba@gmail.com	\N	2026-03-10 16:37:17.363662+00
83ebef71-dc9f-4e22-93f4-3b5bdd1443d5	1	1	Pedro Comte	18748669-6	\N	\N	\N	\N	97714098	a@j.cl	\N	2026-03-11 13:50:28.622517+00
\.


--
-- TOC entry 3491 (class 0 OID 25169)
-- Dependencies: 220
-- Data for Name: fee_conceptos; Type: TABLE DATA; Schema: public; Owner: auth_admin
--

COPY public.fee_conceptos (id, code, name) FROM stdin;
1	consulta	Consulta
2	representacion	Representación
3	tramitacion	Tramitación
4	otros	Otros
5	honorario	Honorario
\.


--
-- TOC entry 3499 (class 0 OID 25299)
-- Dependencies: 228
-- Data for Name: fees; Type: TABLE DATA; Schema: public; Owner: auth_admin
--

COPY public.fees (id, case_id, concepto_id, total_amount, currency, created_at) FROM stdin;
8a8e7cf2-8952-4fee-af05-64046a9d717a	744ff582-4a37-4a22-94ac-c626db9864ab	5	3000000.00	CLP	2026-03-10 16:45:45.470017+00
005d21d5-9a17-43df-920b-3430a7af0b96	94d50653-3534-4a8a-9684-3d2f15a4f330	5	3000002.00	CLP	2026-03-10 16:54:18.953602+00
89d2d668-b743-47d5-9716-4b35a1d1d00f	99c5d5b0-0f83-43df-b1ca-aa285c0f4c6d	5	3000003.00	CLP	2026-03-10 16:55:41.567932+00
2e23d00b-30f8-4246-9ef1-7d5dae2fca62	055ab90c-70d3-4230-8cb3-23e8b6f9b17e	5	1000000.00	CLP	2026-03-11 13:52:31.883306+00
\.


--
-- TOC entry 3490 (class 0 OID 25162)
-- Dependencies: 219
-- Data for Name: hearing_statuses; Type: TABLE DATA; Schema: public; Owner: auth_admin
--

COPY public.hearing_statuses (id, code, name) FROM stdin;
1	programada	Programada
2	realizada	Realizada
3	suspendida	Suspendida
4	reprogramada	Reprogramada
\.


--
-- TOC entry 3498 (class 0 OID 25279)
-- Dependencies: 227
-- Data for Name: hearings; Type: TABLE DATA; Schema: public; Owner: auth_admin
--

COPY public.hearings (id, case_id, tenant_id, title, date, "time", juzgado, status_id, notes, alert_days_before, created_at) FROM stdin;
9e35fa1d-1322-4f1e-8ac1-5df6794fa626	94d50653-3534-4a8a-9684-3d2f15a4f330	1	Reunion con Clienta 2	2026-03-10	09:00:00	Juzgado de santiago	1	Es una Prueba 	3	2026-03-10 19:36:33.515679+00
44d13920-b6ec-4b79-88f0-82996231b70e	744ff582-4a37-4a22-94ac-c626db9864ab	1	audencia de prueba	2026-03-12	09:00:00	juzzgado de sanbernardo	1	es una pruebaaaa	5	2026-03-11 00:31:59.349419+00
ab9c71c1-8e8d-4bc8-996e-4e304296d0d3	99c5d5b0-0f83-43df-b1ca-aa285c0f4c6d	1	otra audiencia	2026-03-12	15:41:00	juzzgado de sanbernardo	1	Reunion 	3	2026-03-11 12:19:53.604559+00
\.


--
-- TOC entry 3492 (class 0 OID 25176)
-- Dependencies: 221
-- Data for Name: payment_methods; Type: TABLE DATA; Schema: public; Owner: auth_admin
--

COPY public.payment_methods (id, code, name) FROM stdin;
1	transferencia	Transferencia
2	efectivo	Efectivo
3	cheque	Cheque
4	otro	Otro
\.


--
-- TOC entry 3500 (class 0 OID 25319)
-- Dependencies: 229
-- Data for Name: payments; Type: TABLE DATA; Schema: public; Owner: auth_admin
--

COPY public.payments (id, fee_id, amount, date, method_id, note, receipt_url, created_at) FROM stdin;
8ec7c9cd-dc3c-4f82-abc2-39a9b36da4b0	005d21d5-9a17-43df-920b-3430a7af0b96	300000.00	2026-03-10	1	Pago inicial 	\N	2026-03-10 19:34:51.135765+00
f4733643-a4e5-416e-952c-5aeb07117b76	89d2d668-b743-47d5-9716-4b35a1d1d00f	300000.00	2026-03-10	1	Pago Total	\N	2026-03-10 20:21:22.890438+00
215dc333-4d90-428c-9c85-f7ccf8d1aa86	005d21d5-9a17-43df-920b-3430a7af0b96	2700000.00	2026-03-10	1	Pago de la deuda	\N	2026-03-10 20:21:39.041756+00
e525f453-8b3f-4015-a56a-69296af77384	005d21d5-9a17-43df-920b-3430a7af0b96	2.00	2026-03-10	1	toda la deuda	\N	2026-03-10 20:22:13.657373+00
\.


--
-- TOC entry 3318 (class 2606 OID 25273)
-- Name: attachments attachments_pkey; Type: CONSTRAINT; Schema: public; Owner: auth_admin
--

ALTER TABLE ONLY public.attachments
    ADD CONSTRAINT attachments_pkey PRIMARY KEY (id);


--
-- TOC entry 3316 (class 2606 OID 25254)
-- Name: bitacora_entries bitacora_entries_pkey; Type: CONSTRAINT; Schema: public; Owner: auth_admin
--

ALTER TABLE ONLY public.bitacora_entries
    ADD CONSTRAINT bitacora_entries_pkey PRIMARY KEY (id);


--
-- TOC entry 3294 (class 2606 OID 25161)
-- Name: bitacora_event_types bitacora_event_types_code_key; Type: CONSTRAINT; Schema: public; Owner: auth_admin
--

ALTER TABLE ONLY public.bitacora_event_types
    ADD CONSTRAINT bitacora_event_types_code_key UNIQUE (code);


--
-- TOC entry 3296 (class 2606 OID 25159)
-- Name: bitacora_event_types bitacora_event_types_pkey; Type: CONSTRAINT; Schema: public; Owner: auth_admin
--

ALTER TABLE ONLY public.bitacora_event_types
    ADD CONSTRAINT bitacora_event_types_pkey PRIMARY KEY (id);


--
-- TOC entry 3282 (class 2606 OID 25140)
-- Name: case_materias case_materias_code_key; Type: CONSTRAINT; Schema: public; Owner: auth_admin
--

ALTER TABLE ONLY public.case_materias
    ADD CONSTRAINT case_materias_code_key UNIQUE (code);


--
-- TOC entry 3284 (class 2606 OID 25138)
-- Name: case_materias case_materias_pkey; Type: CONSTRAINT; Schema: public; Owner: auth_admin
--

ALTER TABLE ONLY public.case_materias
    ADD CONSTRAINT case_materias_pkey PRIMARY KEY (id);


--
-- TOC entry 3290 (class 2606 OID 25154)
-- Name: case_part_roles case_part_roles_code_key; Type: CONSTRAINT; Schema: public; Owner: auth_admin
--

ALTER TABLE ONLY public.case_part_roles
    ADD CONSTRAINT case_part_roles_code_key UNIQUE (code);


--
-- TOC entry 3292 (class 2606 OID 25152)
-- Name: case_part_roles case_part_roles_pkey; Type: CONSTRAINT; Schema: public; Owner: auth_admin
--

ALTER TABLE ONLY public.case_part_roles
    ADD CONSTRAINT case_part_roles_pkey PRIMARY KEY (id);


--
-- TOC entry 3314 (class 2606 OID 25229)
-- Name: case_parts case_parts_pkey; Type: CONSTRAINT; Schema: public; Owner: auth_admin
--

ALTER TABLE ONLY public.case_parts
    ADD CONSTRAINT case_parts_pkey PRIMARY KEY (id);


--
-- TOC entry 3286 (class 2606 OID 25147)
-- Name: case_statuses case_statuses_code_key; Type: CONSTRAINT; Schema: public; Owner: auth_admin
--

ALTER TABLE ONLY public.case_statuses
    ADD CONSTRAINT case_statuses_code_key UNIQUE (code);


--
-- TOC entry 3288 (class 2606 OID 25145)
-- Name: case_statuses case_statuses_pkey; Type: CONSTRAINT; Schema: public; Owner: auth_admin
--

ALTER TABLE ONLY public.case_statuses
    ADD CONSTRAINT case_statuses_pkey PRIMARY KEY (id);


--
-- TOC entry 3312 (class 2606 OID 25206)
-- Name: cases cases_pkey; Type: CONSTRAINT; Schema: public; Owner: auth_admin
--

ALTER TABLE ONLY public.cases
    ADD CONSTRAINT cases_pkey PRIMARY KEY (id);


--
-- TOC entry 3278 (class 2606 OID 25133)
-- Name: client_types client_types_code_key; Type: CONSTRAINT; Schema: public; Owner: auth_admin
--

ALTER TABLE ONLY public.client_types
    ADD CONSTRAINT client_types_code_key UNIQUE (code);


--
-- TOC entry 3280 (class 2606 OID 25131)
-- Name: client_types client_types_pkey; Type: CONSTRAINT; Schema: public; Owner: auth_admin
--

ALTER TABLE ONLY public.client_types
    ADD CONSTRAINT client_types_pkey PRIMARY KEY (id);


--
-- TOC entry 3310 (class 2606 OID 25191)
-- Name: clients clients_pkey; Type: CONSTRAINT; Schema: public; Owner: auth_admin
--

ALTER TABLE ONLY public.clients
    ADD CONSTRAINT clients_pkey PRIMARY KEY (id);


--
-- TOC entry 3302 (class 2606 OID 25175)
-- Name: fee_conceptos fee_conceptos_code_key; Type: CONSTRAINT; Schema: public; Owner: auth_admin
--

ALTER TABLE ONLY public.fee_conceptos
    ADD CONSTRAINT fee_conceptos_code_key UNIQUE (code);


--
-- TOC entry 3304 (class 2606 OID 25173)
-- Name: fee_conceptos fee_conceptos_pkey; Type: CONSTRAINT; Schema: public; Owner: auth_admin
--

ALTER TABLE ONLY public.fee_conceptos
    ADD CONSTRAINT fee_conceptos_pkey PRIMARY KEY (id);


--
-- TOC entry 3322 (class 2606 OID 25308)
-- Name: fees fees_case_id_key; Type: CONSTRAINT; Schema: public; Owner: auth_admin
--

ALTER TABLE ONLY public.fees
    ADD CONSTRAINT fees_case_id_key UNIQUE (case_id);


--
-- TOC entry 3324 (class 2606 OID 25306)
-- Name: fees fees_pkey; Type: CONSTRAINT; Schema: public; Owner: auth_admin
--

ALTER TABLE ONLY public.fees
    ADD CONSTRAINT fees_pkey PRIMARY KEY (id);


--
-- TOC entry 3298 (class 2606 OID 25168)
-- Name: hearing_statuses hearing_statuses_code_key; Type: CONSTRAINT; Schema: public; Owner: auth_admin
--

ALTER TABLE ONLY public.hearing_statuses
    ADD CONSTRAINT hearing_statuses_code_key UNIQUE (code);


--
-- TOC entry 3300 (class 2606 OID 25166)
-- Name: hearing_statuses hearing_statuses_pkey; Type: CONSTRAINT; Schema: public; Owner: auth_admin
--

ALTER TABLE ONLY public.hearing_statuses
    ADD CONSTRAINT hearing_statuses_pkey PRIMARY KEY (id);


--
-- TOC entry 3320 (class 2606 OID 25288)
-- Name: hearings hearings_pkey; Type: CONSTRAINT; Schema: public; Owner: auth_admin
--

ALTER TABLE ONLY public.hearings
    ADD CONSTRAINT hearings_pkey PRIMARY KEY (id);


--
-- TOC entry 3306 (class 2606 OID 25182)
-- Name: payment_methods payment_methods_code_key; Type: CONSTRAINT; Schema: public; Owner: auth_admin
--

ALTER TABLE ONLY public.payment_methods
    ADD CONSTRAINT payment_methods_code_key UNIQUE (code);


--
-- TOC entry 3308 (class 2606 OID 25180)
-- Name: payment_methods payment_methods_pkey; Type: CONSTRAINT; Schema: public; Owner: auth_admin
--

ALTER TABLE ONLY public.payment_methods
    ADD CONSTRAINT payment_methods_pkey PRIMARY KEY (id);


--
-- TOC entry 3326 (class 2606 OID 25327)
-- Name: payments payments_pkey; Type: CONSTRAINT; Schema: public; Owner: auth_admin
--

ALTER TABLE ONLY public.payments
    ADD CONSTRAINT payments_pkey PRIMARY KEY (id);


--
-- TOC entry 3336 (class 2606 OID 25274)
-- Name: attachments attachments_bitacora_entry_id_fkey; Type: FK CONSTRAINT; Schema: public; Owner: auth_admin
--

ALTER TABLE ONLY public.attachments
    ADD CONSTRAINT attachments_bitacora_entry_id_fkey FOREIGN KEY (bitacora_entry_id) REFERENCES public.bitacora_entries(id) ON DELETE CASCADE;


--
-- TOC entry 3334 (class 2606 OID 25255)
-- Name: bitacora_entries bitacora_entries_case_id_fkey; Type: FK CONSTRAINT; Schema: public; Owner: auth_admin
--

ALTER TABLE ONLY public.bitacora_entries
    ADD CONSTRAINT bitacora_entries_case_id_fkey FOREIGN KEY (case_id) REFERENCES public.cases(id) ON DELETE CASCADE;


--
-- TOC entry 3335 (class 2606 OID 25260)
-- Name: bitacora_entries bitacora_entries_event_type_id_fkey; Type: FK CONSTRAINT; Schema: public; Owner: auth_admin
--

ALTER TABLE ONLY public.bitacora_entries
    ADD CONSTRAINT bitacora_entries_event_type_id_fkey FOREIGN KEY (event_type_id) REFERENCES public.bitacora_event_types(id);


--
-- TOC entry 3331 (class 2606 OID 25230)
-- Name: case_parts case_parts_case_id_fkey; Type: FK CONSTRAINT; Schema: public; Owner: auth_admin
--

ALTER TABLE ONLY public.case_parts
    ADD CONSTRAINT case_parts_case_id_fkey FOREIGN KEY (case_id) REFERENCES public.cases(id) ON DELETE CASCADE;


--
-- TOC entry 3332 (class 2606 OID 25240)
-- Name: case_parts case_parts_client_type_id_fkey; Type: FK CONSTRAINT; Schema: public; Owner: auth_admin
--

ALTER TABLE ONLY public.case_parts
    ADD CONSTRAINT case_parts_client_type_id_fkey FOREIGN KEY (client_type_id) REFERENCES public.client_types(id);


--
-- TOC entry 3333 (class 2606 OID 25235)
-- Name: case_parts case_parts_role_id_fkey; Type: FK CONSTRAINT; Schema: public; Owner: auth_admin
--

ALTER TABLE ONLY public.case_parts
    ADD CONSTRAINT case_parts_role_id_fkey FOREIGN KEY (role_id) REFERENCES public.case_part_roles(id);


--
-- TOC entry 3328 (class 2606 OID 25217)
-- Name: cases cases_client_id_fkey; Type: FK CONSTRAINT; Schema: public; Owner: auth_admin
--

ALTER TABLE ONLY public.cases
    ADD CONSTRAINT cases_client_id_fkey FOREIGN KEY (client_id) REFERENCES public.clients(id);


--
-- TOC entry 3329 (class 2606 OID 25207)
-- Name: cases cases_materia_id_fkey; Type: FK CONSTRAINT; Schema: public; Owner: auth_admin
--

ALTER TABLE ONLY public.cases
    ADD CONSTRAINT cases_materia_id_fkey FOREIGN KEY (materia_id) REFERENCES public.case_materias(id);


--
-- TOC entry 3330 (class 2606 OID 25212)
-- Name: cases cases_status_id_fkey; Type: FK CONSTRAINT; Schema: public; Owner: auth_admin
--

ALTER TABLE ONLY public.cases
    ADD CONSTRAINT cases_status_id_fkey FOREIGN KEY (status_id) REFERENCES public.case_statuses(id);


--
-- TOC entry 3327 (class 2606 OID 25192)
-- Name: clients clients_client_type_id_fkey; Type: FK CONSTRAINT; Schema: public; Owner: auth_admin
--

ALTER TABLE ONLY public.clients
    ADD CONSTRAINT clients_client_type_id_fkey FOREIGN KEY (client_type_id) REFERENCES public.client_types(id);


--
-- TOC entry 3339 (class 2606 OID 25309)
-- Name: fees fees_case_id_fkey; Type: FK CONSTRAINT; Schema: public; Owner: auth_admin
--

ALTER TABLE ONLY public.fees
    ADD CONSTRAINT fees_case_id_fkey FOREIGN KEY (case_id) REFERENCES public.cases(id) ON DELETE CASCADE;


--
-- TOC entry 3340 (class 2606 OID 25314)
-- Name: fees fees_concepto_id_fkey; Type: FK CONSTRAINT; Schema: public; Owner: auth_admin
--

ALTER TABLE ONLY public.fees
    ADD CONSTRAINT fees_concepto_id_fkey FOREIGN KEY (concepto_id) REFERENCES public.fee_conceptos(id);


--
-- TOC entry 3337 (class 2606 OID 25289)
-- Name: hearings hearings_case_id_fkey; Type: FK CONSTRAINT; Schema: public; Owner: auth_admin
--

ALTER TABLE ONLY public.hearings
    ADD CONSTRAINT hearings_case_id_fkey FOREIGN KEY (case_id) REFERENCES public.cases(id) ON DELETE CASCADE;


--
-- TOC entry 3338 (class 2606 OID 25294)
-- Name: hearings hearings_status_id_fkey; Type: FK CONSTRAINT; Schema: public; Owner: auth_admin
--

ALTER TABLE ONLY public.hearings
    ADD CONSTRAINT hearings_status_id_fkey FOREIGN KEY (status_id) REFERENCES public.hearing_statuses(id);


--
-- TOC entry 3341 (class 2606 OID 25328)
-- Name: payments payments_fee_id_fkey; Type: FK CONSTRAINT; Schema: public; Owner: auth_admin
--

ALTER TABLE ONLY public.payments
    ADD CONSTRAINT payments_fee_id_fkey FOREIGN KEY (fee_id) REFERENCES public.fees(id) ON DELETE CASCADE;


--
-- TOC entry 3342 (class 2606 OID 25333)
-- Name: payments payments_method_id_fkey; Type: FK CONSTRAINT; Schema: public; Owner: auth_admin
--

ALTER TABLE ONLY public.payments
    ADD CONSTRAINT payments_method_id_fkey FOREIGN KEY (method_id) REFERENCES public.payment_methods(id);


-- Completed on 2026-03-12 18:20:49

--
-- PostgreSQL database dump complete
--

